BEP;DOMAIN;MdmBpmEventSubscriber;Ereignisse für das Verteilen der Daten im BPM-System bearbeiten
IMT;REST;calendars.history.empty.list;Es ist kein Verlauf für Kalender verfügbar.
IMT;REST;calendars.noCategoriesWithActiveCalendarsExist;Es sind keine Kategorien mit aktiven Kalender vorhanden.
IMT;REST;Calendars.pagingtoolbarbottom.itemsPerPage;Kalender pro Seite
IMT;REST;Calendars.pagingtoolbartop.displayMoreMsg;{0} - {1} von mehr als {2} Kalendern
IMT;REST;Calendars.pagingtoolbartop.displayMsg;{0} - {1} von {2} Kalendern
IMT;REST;Calendars.pagingtoolbartop.emptyMsg;Es sind keine aktiven Kalender vorhanden.
IMT;REST;calendars.selectCalendar;Kalender auswählen
IMT;REST;calendars.selectCategory;Kategorie auswählen
IMT;REST;channels.readingqualities.title;Ablesequalitäten
IMT;REST;customattributeset.timesliced.add.gap.text;Die Version konnte nicht hinzugefügt werden. Zwischen den Versionen gibt es Lücken.
IMT;REST;customattributeset.timesliced.add.gap.title;Das Hinzufügen der Version ist fehlgeschlagen.
IMT;REST;customattributeset.timesliced.clone.gap.text;Die Version konnte nicht geklont werden. Zwischen den Versionen gibt es Lücken.
IMT;REST;customattributeset.timesliced.clone.gap.title;Das Klonen der Version ist fehlgeschlagen.
IMT;REST;customattributeset.timesliced.edit.gap.text;Die Version konnte nicht bearbeitet werden. Zwischen den Versionen gibt es Lücken.
IMT;REST;customattributeset.timesliced.edit.gap.title;Das Bearbeiten der Version ist fehlgeschlagen.
IMT;REST;customattributesets.addattributesets;Benutzerdefinierte Attributesätze hinzufügen
IMT;REST;customattributesets.editlevels;Stufen bearbeiten
IMT;REST;customattributesets.multiselect.selected[0];Es wurden keine benutzerdefinierten Attributesätze ausgewählt.
IMT;REST;customattributesets.multiselect.selected[1];Es wurden {0} benutzerdefinierten Attributesatz ausgewählt.
IMT;REST;customattributesets.multiselect.selected[many];Es wurden {0} benutzerdefinierte Attributesätze ausgewählt.
IMT;REST;customattributesets.pagingtoolbarbottom.itemsPerPage;Benutzerdefinierte Attributesätze pro Seite
IMT;REST;customattributesets.pagingtoolbartop.displayMoreMsg;{0} - {1} von mehr als {2} benutzerdefinierten Attributesätzen
IMT;REST;customattributesets.pagingtoolbartop.displayMsg;{0} - {1} von {2} benutzerdefinierten Attributesätzen
IMT;REST;customattributesets.pagingtoolbartop.emptyMsg;Es sind keine benutzerdefinierten Attributesätze zur Anzeige verfügbar.
IMT;REST;customattributesets.timeSliced;In Zeitintervalle unterteilt
IMT;REST;customattributesets.versions;Versionen
IMT;REST;customattributesets.versions.add;Version hinzufügen
IMT;REST;customattributesets.versions.empty.list.item1;Es wurden noch keine Versionen hinzugefügt.
IMT;REST;customattributesets.versions.empty.title;Es wurden keine Versionen gefunden.
IMT;REST;customattributesets.versions.none;keine aktive Version
IMT;REST;customattributesets.versions.pagingtoolbartop.displayMoreMsg;{0} - {1} von mehr als {2} Versionen
IMT;REST;customattributesets.versions.pagingtoolbartop.displayMsg;{0} - {1} von {2} Versionen
IMT;REST;customattributesets.versions.pagingtoolbartop.emptyMsg;Es sind keine Versionen zur Anzeige verfügbar.
IMT;REST;customattributesets.viewlevels;Ebenen anzeigen
IMT;REST;customattributesetsversions.conflictedtoptext;Es sind unterschiedliche Versionen vorhanden.
IMT;REST;customattributesetsversions.overlappanelbottomtext;Die hier vorgenommenen Änderungen werden sich auf andere Versionen auswirken.
IMT;REST;customattributesonvaluesobjects.alignleft;Links ausrichten
IMT;REST;customattributesonvaluesobjects.alignright;Rechts ausrichten
IMT;REST;dataQuality.empty.list.item1;Es sind keine Verwendungsstellen im System vorhanden.
IMT;REST;dataQuality.empty.list.item2;Der Filter ist zu stark eingegrenzt.
IMT;REST;dataQuality.empty.title;Es wurden keine Verwendungsstellen gefunden.
IMT;REST;dataQuality.paging.displayMoreMsg;{0} - {1} von mehr als {2} Verwendungsstellen
IMT;REST;dataQuality.paging.displayMsg;{0} - {1} von {2} Verwendungsstellen
IMT;REST;dataQuality.paging.emptyMsg;Es sind keine Verwendungsstellen zur Anzeige verfügbar.
IMT;REST;dataQuality.paging.usagePointsPerPage;Verwendungsstellen pro Seite
IMT;REST;device.readingData.lastUpdate;Letzte Aktualisierung
IMT;REST;device.registerData.deltaValue;Deltawert
IMT;REST;device.registerData.deltaValueWithUnit;Deltawert ({0})
IMT;REST;device.registerData.eventTime;Zeitpunkt des Ereignisses
IMT;REST;device.registerData.failEqualData;Gleiche Daten auslassen
IMT;REST;device.registerData.measurementTime;Messzeit
IMT;REST;device.registerData.removedRule;(Regel entfernt)
IMT;REST;devicechannels.successSavingMessage;Die Kanaldaten wurden gespeichert.
IMT;REST;devicegroup.dynamic.informationMessage;Achtung: Das Suchergebnis ermöglicht nur das Sortieren der Spalten auf der aktiven Seite. Alle nachfolgenden Seiten werden nicht sortiert.
IMT;REST;deviceloadprofiles.data.empty.addReadings;Messwerte hinzufügen
IMT;REST;deviceloadprofiles.endOfInterval;Ende des Intervalls
IMT;REST;deviceloadprofiles.intervalFlags;Intervall-Markierungen
IMT;REST;deviceloadprofiles.readings;Messwerte
IMT;REST;deviceloadprofiles.specifications;Spezifikationen
IMT;REST;devicemanagement.label.device.attributes;Geräteattribute
IMT;REST;devicetransitionexecute.wizard.step2.checksFail;Der Verwendungsstellenstatus kann aufgrund fehlgeschlagener Prüfungen vor dem Übergang nicht zu ''{0}'' geändert werden.
IMT;REST;devicetransitionexecute.wizard.step2.fail;Der Verwendungsstellenstatus kann nicht zu ''{0}'' ({1}) geändert werden.
IMT;REST;devicetype.createDeviceType;Kalender hinzufügen
IMT;REST;estimateWithRule.emptyRequiredAttributesMsg;Es wurden keine obligatorischen Attribute auf der Ebene der Messtypen festgelegt.
IMT;REST;estimation.addEstimationRule;Bewertungsregel hinzufügen
IMT;REST;estimation.addRuleSet;Bewertungsregelwerk hinzufügen
IMT;REST;estimation.addRuleSet.purpose;Zweck
IMT;REST;estimation.general.editOrder;Reihenfolge bearbeiten
IMT;REST;estimation.rules.empty.list.item1;Es wurden noch keine Bewertungsregeln definiert.
IMT;REST;estimation.rules.empty.title;Es wurden keine Bewertungsregeln gefunden.
IMT;REST;estimationDevice.estimation rule;Bewertungsregel
IMT;REST;estimationDevice.estimator;Bewertungsfunktion
IMT;REST;estimationruleset.deleteConfirmation.msg1;Dieses Bewertungsregelwerk wird aus der messtechnischen Konfiguration entfernt.
IMT;REST;estimationruleset.remove.successMsg;Das Bewertungsregelwerk wurde entfernt.
IMT;REST;estimationRuleSets.count.added[0];Es wurden keine Bewertungsregelwerke hinzugefügt.
IMT;REST;estimationRuleSets.count.added[1];Es wurde {0} Bewertungsregelwerk hinzugefügt.
IMT;REST;estimationRuleSets.count.added[many];Es wurden {0} Bewertungsregelwerke hinzugefügt.
IMT;REST;estimationRuleSets.count.selected[0];Es wurden keine Bewertungsregelwerke ausgewählt.
IMT;REST;estimationRuleSets.count.selected[1];{0} Bewertungsregelwerk ausgewählt
IMT;REST;estimationRuleSets.count.selected[many];{0} Bewertungsregelwerke ausgewählt
IMT;REST;estimationRuleSets.count[0];Es sind keine Bewertungsregelwerke vorhanden.
IMT;REST;estimationRuleSets.count[1];{0} Bewertungsregelwerk
IMT;REST;estimationRuleSets.count[many];{0} Bewertungsregelwerke
IMT;REST;export.schedule.manual;Auf Anforderung
IMT;REST;export.schedule.scheduled;{0}. Nächste Ausführung {1}
IMT;REST;favoriteUsagePointGroups.grid.type.dynamic;Dynamisch
IMT;REST;favoriteUsagePointGroups.grid.type.static;Statisch
IMT;REST;favoriteUsagePointGroups.multiselect.selected[0];Es wurden keine Verwendungsstellengruppen ausgewählt.
IMT;REST;favoriteUsagePointGroups.multiselect.selected[1];Es wurde {0} Verwendungsstellengruppe ausgewählt.
IMT;REST;favoriteUsagePointGroups.multiselect.selected[many];Es wurden {0} Verwendungsstellengruppen ausgewählt.
IMT;REST;form.metrologyconfiguration.section.meterRoles;Zählerrollen
IMT;REST;form.output.label.formula;Formel
IMT;REST;form.output.label.interval;Intervall
IMT;REST;general.abort;Abbrechen
IMT;REST;general.actions.remove;Entfernen
IMT;REST;general.actions.restore;Wiederherstellen
IMT;REST;general.activate;Aktivieren
IMT;REST;general.activateCalendar;Kalender aktivieren
IMT;REST;general.activationDate;Aktivierungsdatum
IMT;REST;general.active;Aktiv
IMT;REST;general.ActiveFrom;Aktiv von
IMT;REST;general.activePurposes;Aktive Zwecke
IMT;REST;general.add;Hinzufügen
IMT;REST;general.Add;Hinzufügen
IMT;REST;general.addCalendar;Kalender hinzufügen
IMT;REST;general.added;Hinzugefügt
IMT;REST;general.addMetrologyConfigurationPurposes;Zwecke der messtechnischen Konfiguration hinzufügen
IMT;REST;general.addReading;Messwerte hinzufügen
IMT;REST;general.addState;Status hinzufügen
IMT;REST;general.addTransition;Übergang hinzufügen
IMT;REST;general.addUsagePointGroup;Verwendungsstellengruppe hinzufügen
IMT;REST;general.addUsagePointLifeCycle;Arbeitszyklus der Verwendungsstelle hinzufügen
IMT;REST;general.addUsagePointLifeCycleState.stage.qtip;Der Status in einem Arbeitszyklus der Verwendungsstelle wirkt sich auf die verfügbaren Aktionen an der Verwendungsstelle aus, die sich im aktuellen Status befindet.
IMT;REST;general.addxversion;''{0}'' Version hinzufügen
IMT;REST;general.all;Alle
IMT;REST;general.allDataValidated;Alle Daten wurden validiert.
IMT;REST;general.allUsagePointStates;Alle Status der Verwendungsstellen
IMT;REST;general.always;Immer
IMT;REST;general.amountOfConfirmed;Anzahl der bestätigten Werte
IMT;REST;general.amountOfEdited;Anzahl der bearbeiteten Werte
IMT;REST;general.amountOfEstimates;Anzahl der Bewertungswerte
IMT;REST;general.amountOfInformatives;Anzahl der informativen Werte
IMT;REST;general.amountOfProjected;Anzahl der geplanten Werte
IMT;REST;general.amountOfSuspects;Menge der fehlerverdächtigen Werte
IMT;REST;general.apply;Anwenden
IMT;REST;general.at;Zum
IMT;REST;general.attributes;Attribute
IMT;REST;general.attributes.manage;Attribute der Verwendungsstelle verwalten
IMT;REST;general.attributes.usagePoint.electricity;Strom
IMT;REST;general.attributes.usagePoint.gas;Gas
IMT;REST;general.attributes.usagePoint.heat;Heizung
IMT;REST;general.attributes.usagePoint.water;Wasser
IMT;REST;general.back;Zurück
IMT;REST;general.bulkAction;Bulk-Aktion
IMT;REST;general.bulkActionError;Beim Ausführen der Massen-Aktion ist ein Fehler aufgetreten.
IMT;REST;general.button.add;Hinzufügen
IMT;REST;general.button.cancel;Abbrechen
IMT;REST;general.button.retry;Erneut versuchen
IMT;REST;general.button.save;Speichern
IMT;REST;general.calendar;Kalender
IMT;REST;general.calendars;Kalender
IMT;REST;general.calendars.selected[0];Es wurden keine Kalender ausgewählt.
IMT;REST;general.calendars.selected[1];Es wurde {0} Kalender ausgewählt.
IMT;REST;general.calendars.selected[many];Es wurden {0} Kalender ausgewählt.
IMT;REST;general.cancel;Abbrechen
IMT;REST;general.cancelX;{0} abbrechen?
IMT;REST;general.category;Kategorie
IMT;REST;general.Category;Kategorie
IMT;REST;general.changedData;Geänderte Daten
IMT;REST;general.channels;Kanäle
IMT;REST;general.clearAll;Alle löschen
IMT;REST;general.clearProjectedFlag;Geplante Kennzeichnung löschen
IMT;REST;general.clone;Klonen
IMT;REST;general.cloneUsagePointLifeCycle;Arbeitszyklus der Verwendungsstelle klonen
IMT;REST;general.clonex;''{0}'' klonen
IMT;REST;general.close;Schließen
IMT;REST;general.configuration;Konfiguration
IMT;REST;general.confirm;Bestätigen
IMT;REST;general.confirmation;Bestätigung
IMT;REST;general.confirmed;Bestätigt
IMT;REST;general.confirmValue;Wert bestätigen
IMT;REST;general.copyFromReference;Von Referenz kopieren
IMT;REST;general.correct;Richtig
IMT;REST;general.count;Zähler
IMT;REST;general.criteria;Kriterien
IMT;REST;general.current;Aktuell
IMT;REST;general.customAttributes;Benutzerdefinierte Attribute
IMT;REST;general.customAttributeSets;Benutzerdefinierte Attributesätze
IMT;REST;general.dataCompletion;Datenvervollständigung
IMT;REST;general.dataQuality;Datenqualität
IMT;REST;general.dataValidation;Datenvalidierung
IMT;REST;general.dateAtTime;{0} um {1}
IMT;REST;general.dayTypes;Art der Tage
IMT;REST;general.deactivate;Deaktivieren
IMT;REST;general.default;Standard
IMT;REST;general.deprecate;Ablehnen
IMT;REST;general.details;Details
IMT;REST;general.deviceQuality;Gerätequalität
IMT;REST;general.deviceQuality.tooltip.moreMessage;Details der Messqualität für nähere Informationen anzeigen
IMT;REST;general.displayMsgOutputs;{0} - {1} von {2} Ausgängen
IMT;REST;general.dontApply;Nicht anwenden
IMT;REST;general.dynamic;Dynamisch
IMT;REST;general.edit;Bearbeiten
IMT;REST;general.editAttributesFor;Bearbeiten der Attribute für
IMT;REST;general.edited;Bearbeitet
IMT;REST;general.editedValues;Bearbeitete Werte
IMT;REST;general.editEstimationComment;Kommentar zur Bewertung bearbeiten
IMT;REST;general.editGeneralInformation;''Allgemeine Informationen'' bearbeiten
IMT;REST;general.editGeneralInformation.discard;Verwerfen
IMT;REST;general.editGeneralInformation.discardChanges;{0} Änderungen verwerfen?
IMT;REST;general.editGeneralInformation.lostData;Nicht gespeicherte Änderungen gehen verloren.
IMT;REST;general.editTechnicalInformation;''Technische Daten'' bearbeiten
IMT;REST;general.editWithEstimator;Mit Bewertungsfunktion bearbeiten
IMT;REST;general.editx;''{0}'' bearbeiten
IMT;REST;general.editX;{0} bearbeiten
IMT;REST;general.end;Ende
IMT;REST;general.endOfIntervalBetween;Ende des Intervalls zwischen
IMT;REST;general.error;Fehler
IMT;REST;general.error.remove.msg;Entfernen des Vorgangs fehlgeschlagen
IMT;REST;general.error.unknown;Es ist ein unbekannter Fehler aufgetreten
IMT;REST;general.estimate;Schätzen
IMT;REST;general.estimateNow;Jetzt bewerten
IMT;REST;general.estimates;Bewertungswerte
IMT;REST;general.estimateValueWithRule;Mit Regel bewerten
IMT;REST;general.estimationComment;Kommentar zur Bewertung
IMT;REST;general.estimationCommentWithComment;Kommentar zur Bewertung: {0}
IMT;REST;general.estimationConfiguration;Konfiguration der Bewertung
IMT;REST;general.estimationSchedule;Bewertungszeitplan
IMT;REST;general.estimator;Bewertungsfunktion
IMT;REST;general.eventName;Ereignisse der Nutzungszeit
IMT;REST;general.eventTypes;Ereignistypen
IMT;REST;general.exportSchedule;Zeitplan exportieren
IMT;REST;general.finish;Abschließen
IMT;REST;general.fld.is.required;Dieses Feld ist erforderlich.
IMT;REST;general.formula;Formel
IMT;REST;general.formulaComponents;Formelbestandteile
IMT;REST;general.from;Von
IMT;REST;general.fromDate.lc;von {0}
IMT;REST;general.fromUntilX;Von {0} - Bis {1}
IMT;REST;general.fromX;von {0}
IMT;REST;general.FromX;Von {0}
IMT;REST;general.generalAttributes;Allgemeine Attribute
IMT;REST;general.generalInformation;Allgemeine Angaben
IMT;REST;general.hasMeterActivations.info;Da die messtechnische Konfiguration ""{0}"" ab {1} mit dieser Verwendungsstelle verknüpft ist, können Sie die Zähler mit den von dieser messtechnischen Konfiguration bereitgestellten Zählerrollen verknüpfen.
IMT;REST;general.history;Historie
IMT;REST;general.immediately;Sofort
IMT;REST;general.inactive;Inaktiv
IMT;REST;general.index;Index
IMT;REST;general.infinite;Unendlich
IMT;REST;general.informatives;Informative Werte
IMT;REST;general.initial;Anfang
IMT;REST;general.inputs;Eingänge
IMT;REST;general.interval;Intervall
IMT;REST;general.label.activePurposes;Aktive Zwecke
IMT;REST;general.label.activeRules;Aktive Regeln
IMT;REST;general.label.addCalendar;Kalender hinzufügen
IMT;REST;general.label.addCalendars;Kalender hinzufügen
IMT;REST;general.label.addReading;Messwerte hinzufügen
IMT;REST;general.label.administration;Administration
IMT;REST;general.label.aliasName;Aliasname
IMT;REST;general.label.amrSystemName;AMR-Systemname
IMT;REST;general.label.bypass;Umgehung
IMT;REST;general.label.bypassStatus;Status umgehen
IMT;REST;general.label.calendars;Kalender
IMT;REST;general.label.capacity;Physikalische Kapazität
IMT;REST;general.label.capped;Begrenzt
IMT;REST;general.label.clamped;Geklemmt
IMT;REST;general.label.collar;Ring
IMT;REST;general.label.connectionState;Verbindungsstatus
IMT;REST;general.label.coordinates;Koordinaten
IMT;REST;general.label.countedMeters;{0} Messgeräte
IMT;REST;general.label.created;Erstellt
IMT;REST;general.label.dashboard;Übersicht
IMT;REST;general.label.description;Beschreibung
IMT;REST;general.label.device;Gerät
IMT;REST;general.label.device.view;Gerät anzeigen
IMT;REST;general.label.editReading;Messwerte bearbeiten
IMT;REST;general.label.eMail1;E-Mail 1
IMT;REST;general.label.estimatedLoad;Geschätzte Last
IMT;REST;general.label.grounded;Geerdet
IMT;REST;general.label.inactiveRules;Inaktive Regeln
IMT;REST;general.label.installedDate;Installiert am
IMT;REST;general.label.interruptible;Unterbrechbar
IMT;REST;general.label.isGapAllowed;Lücken zulassen
IMT;REST;general.label.limiter;Begrenzer
IMT;REST;general.label.linkMeters;<a href="{0}">Zähler verknüpfen</a>
IMT;REST;general.label.linkMetrologyConfiguration;<a href="{0}">Messtechnische Konfiguration verknüpfen</a>
IMT;REST;general.label.loadLimit;Grenzwert laden
IMT;REST;general.label.loadLimiterType;Begrenzertyp laden
IMT;REST;general.label.location;Ort
IMT;REST;general.label.meters;Zähler
IMT;REST;general.label.metersSpecifications;Zählerspezifikationen
IMT;REST;general.label.metrologyConfiguration;Messtechnische Konfiguration
IMT;REST;general.label.metrologyconfiguration;Metrologie-Konfiguration
IMT;REST;general.label.metrologyconfiguration.add;Metrologie-Konfiguration hinzufügen
IMT;REST;general.label.metrologyconfiguration.edit;Bearbeiten
IMT;REST;general.label.metrologyconfiguration.list;Metrologie-Konfigurationen
IMT;REST;general.label.metrologyconfiguration.valruleset.manage;Validierungsregelsätze verbinden
IMT;REST;general.label.metrologyconfiguration.view;Metrologie-Konfiguration anzeigen
IMT;REST;general.label.metrologyconfigurationManagement;Verwaltung der messtechnischen Konfiguration
IMT;REST;general.label.metrologyconfigurations;Messtechnische Konfigurationen
IMT;REST;general.label.mRID;MRID
IMT;REST;general.label.name;Name
IMT;REST;general.label.no;Nein
IMT;REST;general.label.nominalServiceVoltage;Nennspannung
IMT;REST;general.label.ongoingProcesses;Laufende Prozesse ({0})
IMT;REST;general.label.ongoingServiceCalls;Laufende Dienstaufrufe ({0})
IMT;REST;general.label.openIssues;Unbearbeitete Probleme ({0})
IMT;REST;general.label.output;Ausgang
IMT;REST;general.label.phaseCode;Phasencode
IMT;REST;general.label.physicalCapacity;Physikalische Kapazität
IMT;REST;general.label.pressure;Druck
IMT;REST;general.label.previewCalendar;Kalendervorschau
IMT;REST;general.label.purpose;Zweck
IMT;REST;general.label.purposes;Zwecke
IMT;REST;general.label.ratedCurrent;Nennstrom
IMT;REST;general.label.ratedPower;Nennleistung
IMT;REST;general.label.readRoute;Ableseroute
IMT;REST;general.label.removedDate;Entfernt am
IMT;REST;general.label.retiredDate;Außer Dienst gestellt am
IMT;REST;general.label.search;Suchen
IMT;REST;general.label.serialNumber;Seriennummer
IMT;REST;general.label.serviceCategory;Service-Kategorie
IMT;REST;general.label.serviceDeliveryRemark;Bemerkung zur Servicebereitstellung
IMT;REST;general.label.status;Status
IMT;REST;general.label.type;Typ
IMT;REST;general.label.typeOfUsagePoint;Art der Verwendungsstelle
IMT;REST;general.label.unknown;Unbekannt
IMT;REST;general.label.usagepoint.add;Verwendungsstelle hinzufügen
IMT;REST;general.label.usagepoint.view;Verwendungsstellen anzeigen
IMT;REST;general.label.usagePointName;Verwendungsstelle
IMT;REST;general.label.usagePointRequirements;Anforderungen an die Verwendungsstelle
IMT;REST;general.label.usagepoints;Verwendungsstellen
IMT;REST;general.label.utcNumber;UTC-Nummer
IMT;REST;general.label.valve;Ventil
IMT;REST;general.label.version;Version
IMT;REST;general.label.voltage;Nennspannung
IMT;REST;general.label.yes;Ja
IMT;REST;general.lastChecked;Letzte Prüfung
IMT;REST;general.lastRefreshedAt;Letzte Aktualisierung um {0}
IMT;REST;general.lastSuspect;Letzter fehlerverdächtiger Wert
IMT;REST;general.lifeCycleTransition;Übergang des Arbeitszyklus
IMT;REST;general.linkMeter;Zähler verknüpfen
IMT;REST;general.linkMeters;Zähler verknüpfen
IMT;REST;general.linkMetrologyConfiguration;Messtechnische Konfiguration verknüpfen
IMT;REST;general.lowercase.at;zum
IMT;REST;general.markAsProjected;Als geplant kennzeichnen
IMT;REST;general.markValuesAsProjected;Wert(e) als geplant kennzeichnen
IMT;REST;general.MDCQuality;MDC-Qualität
IMT;REST;general.MDMQuality;MDM-Qualität
IMT;REST;general.measurementPeriod;Messzeitraum
IMT;REST;general.measurementTime;Messzeit
IMT;REST;general.measurementunits.ampere;A
IMT;REST;general.measurementunits.cubicMeterPerHour;mÂ³/h
IMT;REST;general.measurementunits.gigaVolt;GV
IMT;REST;general.measurementunits.gigaVoltAmpere;GVA
IMT;REST;general.measurementunits.gigaWatt;GW
IMT;REST;general.measurementunits.gigaWattHours;GWh
IMT;REST;general.measurementunits.kiloAmpere;kA
IMT;REST;general.measurementunits.kiloPascal;kPa
IMT;REST;general.measurementunits.kiloVolt;kV
IMT;REST;general.measurementunits.kiloVoltAmpere;kVA
IMT;REST;general.measurementunits.kiloWatt;kW
IMT;REST;general.measurementunits.kiloWattHours;kWh
IMT;REST;general.measurementunits.megaAmpere;MA
IMT;REST;general.measurementunits.megaPascal;MPa
IMT;REST;general.measurementunits.megaVolt;MV
IMT;REST;general.measurementunits.megaVoltAmpere;MVA
IMT;REST;general.measurementunits.megaWatt;MW
IMT;REST;general.measurementunits.megaWattHours;MWh
IMT;REST;general.measurementunits.pascal;Pa
IMT;REST;general.measurementunits.teraVoltAmpere;Ð¢VA
IMT;REST;general.measurementunits.teraWatt;Ð¢W
IMT;REST;general.measurementunits.volt;V
IMT;REST;general.measurementunits.voltAmpere;VA
IMT;REST;general.measurementunits.watt;W
IMT;REST;general.measurementunits.wattHours;Wh
IMT;REST;general.menu.edit;Bearbeiten
IMT;REST;general.menu.remove;Entfernen
IMT;REST;general.menu.viewPreview;Vorschau anzeigen
IMT;REST;general.menu.viewTimeline;Zeitachse anzeigen
IMT;REST;general.meter;Zähler
IMT;REST;general.meterRole;Zählerrolle
IMT;REST;general.meterRoles;Zählerrollen
IMT;REST;general.meters;Zähler
IMT;REST;general.metrologyConfiguration;Messtechnische Konfiguration
IMT;REST;general.metrologyConfiguration.manage;Messtechnische Konfiguration verwalten
IMT;REST;general.metrologyConfigurationPurposes;Zwecke der messtechnischen Konfiguration
IMT;REST;general.metrologyConfigurations;Messtechnische Konfigurationen
IMT;REST;general.metrologyConfigurationStatus;Status der messtechnischen Konfiguration
IMT;REST;general.missing;Fehlt
IMT;REST;general.missingx;Fehlt {0}
IMT;REST;general.name;Name
IMT;REST;general.navigation.calendar;Kalender
IMT;REST;general.next;Weiter
IMT;REST;general.no;Nein
IMT;REST;general.noActiveVersion;Es ist keine aktive Version vorhanden.
IMT;REST;general.noCalendars;Es wurden keine Kalender gefunden.
IMT;REST;general.noDataQualitiesMsg;Es sind keine Messwertqualitäten für diese Daten vorhanden.
IMT;REST;general.noMetrologyConfiguration;Es ist keine messtechnische Konfiguration vorhanden.
IMT;REST;general.noMetrologyConfiguration.info;Da die messtechnische Konfiguration an dieser Verwendungsstelle nicht festgelegt ist, können Sie die Zähler mit jeder beliebigen Zählerrolle verknüpfen.
IMT;REST;general.none;Keine
IMT;REST;general.now;Jetzt
IMT;REST;general.nrOfProcesses.selected[0];Es wurden keine Prozesse ausgewählt.
IMT;REST;general.nrOfProcesses.selected[1];{0} Prozess ausgewählt
IMT;REST;general.nrOfProcesses.selected[many];{0} Prozesse ausgewählt
IMT;REST;general.nrOfUsagePoints.selected[0];Es wurden keine Verwendungsstellen ausgewählt.
IMT;REST;general.nrOfUsagePoints.selected[1];Es wurde {0} Verwendungsstelle ausgewählt.
IMT;REST;general.nrOfUsagePoints.selected[many];Es wurden {0} Verwendungsstellen ausgewählt.
IMT;REST;general.on;Ein
IMT;REST;general.ongoingProcesses;Laufende Prozesse
IMT;REST;general.order;Anweisung
IMT;REST;general.ordering;Anweisungen
IMT;REST;general.outputName;Ausgangsname
IMT;REST;general.outputs;Ausgabe
IMT;REST;general.overview;Übersicht
IMT;REST;general.overview.informationMessage;Achtung: Das Suchergebnis ermöglicht nur das Sortieren der Spalten auf der aktiven Seite. Alle nachfolgenden Seiten werden nicht sortiert.
IMT;REST;general.performBulkAction;Massen-Aktion durchführen?
IMT;REST;general.period;Zeitraum
IMT;REST;general.period.from;Von {0}
IMT;REST;general.period.fromUntil;Von {0} bis {1}
IMT;REST;general.periods;Perioden
IMT;REST;general.placeholder.selectTransition;Übergang auswählen...
IMT;REST;general.planned;Geplant
IMT;REST;general.potentialSuspect;Potenziell fehlerverdächtiger Werte
IMT;REST;general.preValidate;Vorab prüfen
IMT;REST;general.preview;Vorschau
IMT;REST;general.privileges;Berechtigungen
IMT;REST;general.projected;Geplant
IMT;REST;general.projectedValue;Geplanter Wert
IMT;REST;general.purpose;Zweck
IMT;REST;general.purposes;Zwecke
IMT;REST;general.readingQuality;Messqualität
IMT;REST;general.readingType;Messtyp
IMT;REST;general.refresh;Aktualisieren
IMT;REST;general.registers;Register
IMT;REST;general.remark;Anmerkung
IMT;REST;general.remove;Entfernen
IMT;REST;general.remove.count;{0} entfernen
IMT;REST;general.removed;Entfernt
IMT;REST;general.removex;''{0}'' entfernen
IMT;REST;general.removing;Daten werden entfernt...
IMT;REST;general.required;Pflichtfeld
IMT;REST;general.requiredPurpose;Erforderlicher Zweck
IMT;REST;general.reset;Zurücksetzen
IMT;REST;general.restore;Wiederherstellen
IMT;REST;general.restoreReadings;Wiederherstellen
IMT;REST;general.restoreToDefault;Auf Vorgabewert zurückstellen
IMT;REST;general.restoretodefaults;Standardwerte wiederherstellen
IMT;REST;general.ruleSets;Regelsätze
IMT;REST;general.save;Speichern
IMT;REST;general.saveChanges;Änderungen speichern
IMT;REST;general.saveOrder;Reihenfolge speichern
IMT;REST;general.selectAnEstimationRule;Eine Schätzungsregel auswählen...
IMT;REST;general.selectAnEstimator;Bewertungsfunktion auswählen...
IMT;REST;general.selectedUsagePointStates;Status der ausgewählten Verwendungsstellen
IMT;REST;general.selectFavoriteUsagePointGroups;Bevorzugte Verwendungsstellengruppen auswählen
IMT;REST;general.selectUsagePoints;Verwendungsstellen auswählen
IMT;REST;general.servicecalls;Dienstaufrufe
IMT;REST;general.serviceCalls;Dienstaufrufe
IMT;REST;general.serviceCategories;Dienstkategorien
IMT;REST;general.serviceCategory;Dienstkategorie
IMT;REST;general.setAsDefault;Als Standard festlegen
IMT;REST;general.setGroupName;Gruppennamen einstellen
IMT;REST;general.stage;Phase
IMT;REST;general.start;Anfang
IMT;REST;general.startDate;Anfangsdatum
IMT;REST;general.startOfCalculations;Anfang der Berechnungen
IMT;REST;general.state;Status
IMT;REST;general.states;Status
IMT;REST;general.static;Statisch
IMT;REST;general.status;Status
IMT;REST;general.suspectReadings;Fehlerverdächtige Messwerte
IMT;REST;general.suspects;fehlerverdächtige Werte
IMT;REST;general.suspectX[0];{0} fehlerverdächtige Werte
IMT;REST;general.suspectX[1];{0} fehlerverdächtiger Wert
IMT;REST;general.suspectX[many];{0} fehlerverdächtige Werte
IMT;REST;general.system;System
IMT;REST;general.technicalInformation;Technische Daten
IMT;REST;general.thirdPartyQuality;Qualität der Drittanbieter
IMT;REST;general.timeOut;Zeitbegrenzung
IMT;REST;general.timeOutMessageGroups;Das Zählen der Anzahl der Gruppenmitglieder der Verwendungsstelle dauerte zu lange.
IMT;REST;general.timeUnit.days[0];{0} Tage
IMT;REST;general.timeUnit.days[1];{0} Tag
IMT;REST;general.timeUnit.days[many];{0} Tage
IMT;REST;general.timeUnit.hours[0];{0} Stunden
IMT;REST;general.timeUnit.hours[1];{0} Stunde
IMT;REST;general.timeUnit.hours[many];{0} Stunden
IMT;REST;general.timeUnit.minutes[0];{0} Minuten
IMT;REST;general.timeUnit.minutes[1];{0} Minute
IMT;REST;general.timeUnit.minutes[many];{0} Minuten
IMT;REST;general.timeUnit.months[0];{0} Monate
IMT;REST;general.timeUnit.months[1];{0} Monat
IMT;REST;general.timeUnit.months[many];{0} Monate
IMT;REST;general.timeUnit.weeks[0];{0} Wochen
IMT;REST;general.timeUnit.weeks[1];{0} Woche
IMT;REST;general.timeUnit.weeks[many];{0} Wochen
IMT;REST;general.timeUnit.years[0];{0} Jahre
IMT;REST;general.timeUnit.years[1];{0} Jahr
IMT;REST;general.timeUnit.years[many];{0} Jahre
IMT;REST;general.to;An
IMT;REST;general.tooltip.anyAccumulation;Beliebige Ansammlung
IMT;REST;general.tooltip.anyMultiplier;Beliebiger Multiplikator
IMT;REST;general.tooltip.anyTimePeriod;Beliebiger Zeitraum
IMT;REST;general.tooltip.edit;Bearbeiten
IMT;REST;general.tooltip.partOfCustomAttributeSet;Teil von {0} benutzerdefinierten Attributesatz
IMT;REST;general.tooltip.readingTypePattern;Dieses Messtypschema stimmt mit einem Messtyp mit: {0} überein.
IMT;REST;general.tooltip.unitsOfMeasure;{0} Mengeneinheiten
IMT;REST;general.transition;Übergang
IMT;REST;general.transitionDate;Übergangsdatum
IMT;REST;general.transitions;Übergänge
IMT;REST;general.type;Typ
IMT;REST;general.typeOfEstimates;Art der Bewertungswerte
IMT;REST;general.typeOfSuspects;Art der fehlerverdächtigen Werte
IMT;REST;general.unconfirmedSearchCriteria;Einige Suchkriterien wurden nicht angewendet. Möchten Sie sie anwenden?
IMT;REST;general.undo;Rückgängig machen
IMT;REST;general.unit;Einheit
IMT;REST;general.unknown;Unbekannt
IMT;REST;general.UnlinkMeter;Verknüpfung von Zähler aufheben
IMT;REST;general.until;Bis
IMT;REST;general.untilX;Bis {0}
IMT;REST;general.usage point;Verwendungsstelle
IMT;REST;general.usagePoint.LifecycleManagement;Verwaltung des Arbeitszyklus der Verwendungsstelle
IMT;REST;general.usagePointAttributes;Attribute der Verwendungsstelle
IMT;REST;general.usagePointGroup;Verwendungsstellengruppe
IMT;REST;general.usagePointGroup.remove;Entfernen
IMT;REST;general.usagePointGroups;Verwendungsstellengruppen
IMT;REST;general.usagePointLifeCycle;Arbeitszyklus der Verwendungsstelle
IMT;REST;general.usagePointLifeCycle.no.states.selected;Mindestens einen Verwendungsstellenstatus auswählen
IMT;REST;general.usagePointLifecycleManagement;Verwaltung des Arbeitszyklus der Verwendungsstelle
IMT;REST;general.usagePointLifeCycles;Arbeitszyklen der Verwendungsstelle
IMT;REST;general.usagepoints.selected[0];Es wurden keine Verwendungsstellen ausgewählt.
IMT;REST;general.usagepoints.selected[1];Es wurde {0} Verwendungsstelle ausgewählt.
IMT;REST;general.usagepoints.selected[many];Es wurden {0} Verwendungsstellen ausgewählt.
IMT;REST;general.usagePointStates;Status der Verwendungsstellen
IMT;REST;general.usagePointStatesCount;{0} Status der Verwendungsstellen
IMT;REST;general.usagePointSummary;Zusammenfassung der Verwendungsstellen
IMT;REST;general.user;Benutzer
IMT;REST;general.validate;Validieren
IMT;REST;general.validateNow;Jetzt validieren
IMT;REST;general.validation;Validierung
IMT;REST;general.validationConfiguration;Validierungskonfiguration
IMT;REST;general.validationRules;Validierungsregeln
IMT;REST;general.validationSchedule;Validierungszeitplan
IMT;REST;general.validator;Prüfmechanismus
IMT;REST;general.value;Wert
IMT;REST;general.value.empty;Wert
IMT;REST;general.valueOf;Wert ({0})
IMT;REST;general.version.added;Version hinzugefügt
IMT;REST;general.version.cloned;Version geklont
IMT;REST;general.version.saved;Version gespeichert
IMT;REST;general.versions;Versionen
IMT;REST;general.versionsPerPage;Versionen pro Seite
IMT;REST;general.viewHistory;Verlauf anzeigen
IMT;REST;general.viewSchedule;Zeitplan anzeigen
IMT;REST;general.workspace;Arbeitsbereich
IMT;REST;general.xMeterData;{0} Messdaten
IMT;REST;general.yes;Ja
IMT;REST;generatereport.generateReportButton;Bericht erstellen
IMT;REST;historyGrid.changedBy;Geändert von
IMT;REST;historyGrid.changedOn;Geändert am
IMT;REST;Imt.metrologyconfiguration.add.empty.list.item1;Es wurden bereits alle benutzerdefinierten Attributesätze hinzugefügt.
IMT;REST;Imt.metrologyconfiguration.add.empty.list.item2;Es wurden noch keine benutzerdefinierten Attributesätze definiert.
IMT;REST;Imt.metrologyconfiguration.add.empty.title;Es wurden keine benutzerdefinierten Attributesätze gefunden.
IMT;REST;Imt.metrologyconfiguration.empty.list.item1;Es wurden noch keine benutzerdefinierten Attributesätze hinzugefügt.
IMT;REST;Imt.metrologyconfiguration.empty.list.item2;Es wurden noch keine benutzerdefinierten Attributesätze definiert.
IMT;REST;Imt.metrologyconfiguration.empty.title;Es wurden keine benutzerdefinierten Attributesätze gefunden.
IMT;REST;Imt.metrologyconfiguration.error.cannotEditCAS;Sie können benutzerdefinierte Attributesätze nicht verwalten, da die messtechnische Konfiguration aktiv ist.
IMT;REST;meterActivationsField.emptyMessage;Es wurden keine Zählerrollen in der ausgewählten messtechnischen Konfiguration definiert.
IMT;REST;metrologyConfigPurposes.add;Zweck hinzufügen
IMT;REST;metrologyConfigPurposes.empty.title;Es wurden keine Zwecke gefunden.
IMT;REST;metrologyConfigPurposes.pagingtoolbartop.displayMoreMsg;{0} - {1} von mehr als {2} Zwecken
IMT;REST;metrologyConfigPurposes.pagingtoolbartop.displayMsg;{0} - {1} von {2} Zwecken
IMT;REST;metrologyConfigPurposes.pagingtoolbartop.emptyMsg;Es sind keine Zwecke zur Anzeige verfügbar.
IMT;REST;metrologyconfiguration.acknowledge.add.success;Metrologie-Konfiguration hinzugefügt
IMT;REST;metrologyconfiguration.acknowledge.save.success;Metrologie-Konfiguration gespeichert
IMT;REST;metrologyconfiguration.attributes;Metrologie-Konfigurationsattribute
IMT;REST;metrologyconfiguration.button.add;Metrologie-Konfiguration hinzufügen
IMT;REST;metrologyConfiguration.estimation.rulesCount;{0} Bewertungsregel(n)
IMT;REST;metrologyConfiguration.estimation.ruleSetsCount;{0} Bewertungsregelwerk(e)
IMT;REST;metrologyconfiguration.general.activate.confirmation.msg;Sie werden diese messtechnische Konfiguration für Verwendungsstellen definieren können. Danach können Sie die messtechnische Konfiguration nicht mehr ändern.
IMT;REST;metrologyconfiguration.general.activate.title;{0} aktivieren?
IMT;REST;metrologyconfiguration.general.activated;Die messtechnische Konfiguration wurde aktiviert.
IMT;REST;metrologyconfiguration.general.add;Metrologie-Konfiguration hinzufügen
IMT;REST;metrologyconfiguration.general.deprecate.msg;Sie werden diese messtechnische Konfiguration nicht mehr mit Verwendungsstellen verknüpfen können.
IMT;REST;metrologyconfiguration.general.deprecate.title;{0} ablehnen?
IMT;REST;metrologyconfiguration.general.deprecated;Die messtechnische Konfiguration wurde verworfen.
IMT;REST;metrologyconfiguration.general.remove.confirm.msg;Metrologie-Konfiguration entfernt
IMT;REST;metrologyconfiguration.general.remove.msg;Diese Metrologie-Konfiguration wird entfernt.
IMT;REST;metrologyConfiguration.inThePast;Die messtechnische Konfiguration liegt in der Vergangenheit.
IMT;REST;metrologyConfiguration.label.add;Metrologie-Konfiguration hinzufügen
IMT;REST;metrologyconfiguration.label.CAS;Benutzerdefinierte Attributesätze
IMT;REST;metrologyconfiguration.label.CAS.add;Benutzerdefinierte Attributesätze hinzufügen
IMT;REST;metrologyconfiguration.label.CAS.added;Die benutzerdefinierten Attributesätze wurden hinzugefügt.
IMT;REST;metrologyconfiguration.label.CAS.removeCustomAttributeSet;Dieser benutzerdefinierte Attributesatz wird nicht mehr verfügbar sein.
IMT;REST;metrologyconfiguration.label.CAS.removeCustomAttributeSet.title;{0} entfernen?
IMT;REST;metrologyconfiguration.label.CAS.removed;Der benutzerdefinierte Attributesatz wurde entfernt.
IMT;REST;metrologyConfiguration.label.edit;Metrologie-Konfiguration bearbeiten
IMT;REST;metrologyconfiguration.label.metrologyconfiguration.list;Metrologie-Konfigurationen
IMT;REST;metrologyconfiguration.list.empty;Keine Metrologie-Konfigurationen gefunden
IMT;REST;metrologyconfiguration.list.undefined;Es wurden noch keine Metrologie-Konfigurationen definiert.
IMT;REST;metrologyconfiguration.pagingtoolbartop.displayMoreMsg;{0} - {1} von mehr als {2} Metrologie-Konfigurationen
IMT;REST;metrologyconfiguration.pagingtoolbartop.displayMsg;{0} - {1} von {2} Metrologie-Konfigurationen
IMT;REST;metrologyconfiguration.pagingtoolbartop.emptyMsg;Keine Metrologie-Konfigurationen zur Anzeige verfügbar
IMT;REST;metrologyconfiguration.setMeters.acknowledge;Die Zählerliste wurde gespeichert.
IMT;REST;metrologyconfiguration.tooltip.isGapAllowed;Gibt an, ob Lücken zwischen Zählern in einer Zählerrolle und zwischen dem Anfangs-/Enddatum der messtechnischen Konfiguration und den Zähleraktivierungen an den Verwendungsstellen bestehen.
IMT;REST;metrologyConfiguration.unlinked;Die Verknüpfung der messtechnischen Konfiguration wurde aufgehoben.
IMT;REST;metrologyConfiguration.validation.rulesCount;{0} Validierungsregel(n)
IMT;REST;metrologyConfiguration.validation.ruleSetsCount;{0} Validierungsregelsatz/-sätze
IMT;REST;metrologyConfiguration.validation.tasks.count;{0} Validierungsaufgabe(n)
IMT;REST;metrologyConfiguration.wizard.clarification;Die messtechnischen Konfigurationen für die Verwendungsstelle.
IMT;REST;metrologyConfiguration.wizard.cpsStepTitle;Schritt {0}: {1}
IMT;REST;metrologyConfiguration.wizard.customAttributes;Benutzerdefinierte Attribute
IMT;REST;metrologyConfiguration.wizard.custtomAttributes.create;Neue Versionen für versionierte benutzerdefinierte Attributesätze erstellen
IMT;REST;metrologyConfiguration.wizard.custtomAttributes.override;Werte der vorhandenen Versionen von versionierten benutzerdefinierten Attributesätzen überschreiben
IMT;REST;metrologyConfiguration.wizard.emptyText;Messtechnische Konfiguration auswählen...
IMT;REST;metrologyConfiguration.wizard.noAvailable;Es sind keine messtechnischen Konfigurationen verfügbar.
IMT;REST;metrologyConfiguration.wizard.notPossibleLink;Sie können eine messtechnische Konfiguration nicht mit dieser Verwendungsstelle verknüpfen, da keine übereinstimmenden messtechnischen Konfigurationen gefunden wurden oder Sie nicht zu deren Anzeige berechtigt sind. Bitte überprüfen Sie Ihre messtechnischen Konfigurationsattribute.
IMT;REST;metrologyConfiguration.wizard.startDate;Anfangsdatum
IMT;REST;metrologyConfiguration.wizard.step1title;Schritt 1: Messtechnische Konfiguration auswählen
IMT;REST;metrologyConfiguration.wizard.successMsg;Die messtechnische Konfiguration wurde definiert.
IMT;REST;metrologyConfigurationDetails.empty.list.item1;Es wurden noch keine Zwecke definiert.
IMT;REST;metrologyConfigurationDetails.from;von
IMT;REST;metrologyConfigurationDetails.meterRolesCount;{2} Zählerrolle(n)
IMT;REST;metrologyConfigurationDetails.purposesCount;{2} Zweck(e)
IMT;REST;metrologyConfigurationWithMetersInfoForm.info;Es sind nicht alle Zähler angegeben. Die Zwecke der Verwendungsstelle verbleiben im Status ''Unvollständig''.
IMT;REST;noEstimationRules.message;Es sind keine anwendbaren Bewertungsregeln vorhanden.
IMT;REST;output.correctionErrorMessage;{0} konnte nicht korrigiert werden.
IMT;REST;output.estimationErrorMessage;{0} konnte nicht bewertet werden.
IMT;REST;output.estimationErrorMessageWithIntervals;{0} konnte mit {1} nicht bewertet werden.
IMT;REST;output.icon.isMatched;Der Validierungsregelsatz enthält eine Regeln, die dem anvisierten Ausgang entsprechende Messtypen aufweisen.
IMT;REST;output.icon.isNotMatched;Der Validierungsregelsatz enthält keine Regeln, die dem anvisierten Ausgang entsprechende Messtypen aufweisen.
IMT;REST;outputReadingsHistory.empty.list.item1;Der Filter wurde noch nicht festgelegt.
IMT;REST;outputReadingsHistory.empty.list.item2;Es stimmen keine Verlaufselemente mit dem Filter überein.
IMT;REST;outputReadingsHistory.empty.title;Es wurden keine Verlaufselemente gefunden.
IMT;REST;outputs.label.interval;Intervall
IMT;REST;outputs.list.empty;Es wurden keine Ausgänge gefunden.
IMT;REST;outputs.list.empty.reason1;Es wurden keine Ausgänge zu dem Zweck konfiguriert.
IMT;REST;outputs.list.title;Ausgabe
IMT;REST;outputs.pagingtoolbartop.displayMsg;{2} Ausgänge
IMT;REST;outputs.pagingtoolbartop.emptyMsg;Es sind keine Ausgänge zur Anzeige verfügbar.
IMT;REST;outputs.registers.displayMsgMoreItems;{0} - {1} von mehr als {2} Messwerten
IMT;REST;outputs.registers.noItemsToDisplay;Es sind keine Messwerte zur Anzeige verfügbar.
IMT;REST;outputs.registers.pagingtoolbarbottom.itemsPerPage;Messwerte pro Seite
IMT;REST;outputs.registers.pagingtoolbartop.displayMsgItems;{0} - {1} von {2} Messwerten
IMT;REST;overview.widget.flaggedUsagePointGroups.flag;Das Element anklicken, um die Verwendungsstellengruppe zu kennzeichnen.
IMT;REST;overview.widget.flaggedUsagePointGroups.header;Meine bevorzugten Verwendungsstellengruppen ({0})
IMT;REST;overview.widget.flaggedUsagePointGroups.noUsagePointGroupsFound;Es wurden keine bevorzugten Verwendungsstellengruppen gefunden.
IMT;REST;overview.widget.flaggedUsagePointGroups.selectBtn;Auswählen
IMT;REST;overview.widget.flaggedUsagePointGroups.unflag;Das Element anklicken, um es aus der Liste der bevorzugten Verwendungsstellengruppen zu entfernen.
IMT;REST;overview.widget.flaggedUsagePointGroups.usagePointGroup.comment;Kommentar
IMT;REST;overview.widget.flaggedUsagePointGroups.usagePointGroup.flaggedDate;Gekennzeichnetes Datum
IMT;REST;overview.widget.flaggedUsagePointGroups.usagePointGroup.name;Name
IMT;REST;overview.widget.flaggedUsagePointGroups.usagePointGroup.type;Typ
IMT;REST;overview.widget.flaggedUsagePoints.flag;Das Element anklicken, um die Verwendungsstelle zu kennzeichnen.
IMT;REST;overview.widget.flaggedUsagePoints.header;Meine gekennzeichneten Verwendungsstellen ({0})
IMT;REST;overview.widget.flaggedUsagePoints.noUsagePointsFound;Es wurden keine gekennzeichneten Verwendungsstellen gefunden.
IMT;REST;overview.widget.flaggedUsagePoints.unflag;Das Element anklicken, um es aus der Liste der gekennzeichneten Verwendungsstellen zu entfernen.
IMT;REST;overview.widget.flaggedUsagePoints.usagePoint.comment;Kommentar
IMT;REST;overview.widget.flaggedUsagePoints.usagePoint.connectionState;Verbindungsstatus
IMT;REST;overview.widget.flaggedUsagePoints.usagePoint.creationDate;Erstellungsdatum
IMT;REST;overview.widget.flaggedUsagePoints.usagePoint.flaggedDate;Gekennzeichnetes Datum
IMT;REST;overview.widget.flaggedUsagePoints.usagePoint.lifecycleState;Zustand
IMT;REST;overview.widget.flaggedUsagePoints.usagePoint.metrologyConfiguration;Messtechnische Konfiguration
IMT;REST;overview.widget.flaggedUsagePoints.usagePoint.name;Name
IMT;REST;overview.widget.flaggedUsagePoints.usagePoint.serviceCategory;Dienstkategorie
IMT;REST;overview.widget.flaggedUsagePoints.usagePoint.type;Typ
IMT;REST;preValidate.noPotentialSuspectsFound;Es wurden keine potentiell fehlerverdächtigen Messwerte gefunden.
IMT;REST;preValidate.noPotentialSuspectsFoundMsg;Es wurden keine potentiell fehlerverdächtigen Messwerte in den sichtbaren Daten ab {0} gefunden.
IMT;REST;preValidate.potentialSuspectsFoundMsg;Es sind potenziell fehlerverdächtige Werte im sichtbaren Teil der Daten ab {0} vorhanden.
IMT;REST;processes.title;Prozesse
IMT;REST;purpose.activated;Der Zweck wurde aktiviert.
IMT;REST;purpose.dataEstimation.successMsg;Die Datenbewertung für den Zweck wurde abgeschlossen.
IMT;REST;purpose.dataEstimation.timeout.message;Die Datenbewertung dauert länger als erwartet und wird im Hintergrund fortgesetzt.
IMT;REST;purpose.dataEstimation.timeout.title1;Die Datenbewertung dauert länger als erwartet.
IMT;REST;purpose.dataValidation.timeout.message;Die Datenvalidierung dauert länger als erwartet und wird im Hintergrund fortgesetzt.
IMT;REST;purpose.dataValidation.timeout.title1;Die Datenvalidierung dauert länger als erwartet.
IMT;REST;purpose.deactivated;Der Zweck wurde deaktiviert.
IMT;REST;purpose.estimateData;Daten von {0} Zweck der Verwendungsstelle {1} bewerten?
IMT;REST;purpose.revalidationEstimatedData;Bewertete Daten erneut validieren
IMT;REST;purpose.successMsg;Die Datenvalidierung für den Zweck wurde abgeschlossen.
IMT;REST;purpose.summary.dataView;Daten anzeigen
IMT;REST;purpose.summary.dataView.no.interval.outputs;Es sind keine Intervallausgänge zu diesem Zweck vorhanden.
IMT;REST;purpose.summary.dateAtTime;{0} um {1}
IMT;REST;purpose.summary.endOfInterval;Ende des Intervalls
IMT;REST;purpose.summary.includeBulkValues;Massenwerte einschließen
IMT;REST;purpose.summary.intervalData;{0} Daten
IMT;REST;purpose.summary.overview;Übersicht
IMT;REST;purpose.validateNow;Daten für ''{0}'' Zweck an Verwendungsstelle ''{1}'' validieren?
IMT;REST;purposes.empty.list.item;Es wurden noch keine Zwecke hinzugefügt.
IMT;REST;reading.dataValidated.title;Daten validiert
IMT;REST;reading.estimated;Bewertet am {0} um {1}
IMT;REST;reading.estimated.projected;Geplant
IMT;REST;reading.estimatedNotSaved;Bewertet
IMT;REST;reading.estimatedWithApplicationAndTime;Bewertet im {0} um {1}
IMT;REST;reading.estimatedWithTime;Bewertet am {0}
IMT;REST;reading.generaltab.title;Allgemein
IMT;REST;reading.pagingtoolbartop.displayMsg;{1} Messwerte
IMT;REST;reading.readingvaluetab.title;Messwert
IMT;REST;reading.tou.gap;Nicht berechnete Daten, Kalender
IMT;REST;reading.validationResult;Validierungsergebnis
IMT;REST;reading.validationResult.confirmed;Bestätigt
IMT;REST;reading.validationResult.notsuspect;Nicht fehlerverdächtig
IMT;REST;reading.validationResult.notvalidated;Nicht validiert
IMT;REST;reading.validationResult.suspect;Fehlerverdächtiger Wert
IMT;REST;readings.list.empty;Es sind keine Daten verfügbar.
IMT;REST;readings.list.reason.1;Es wurden keine Daten für diesen Ausgang bereitgestellt.
IMT;REST;readings.list.reason.2;Es wurden keine Geräte mit dieser Verwendungsstelle im angegebenen Zeitraum verknüpft.
IMT;REST;readings.list.reason.3;Es stimmen keine Daten mit dem Filter überein.
IMT;REST;readings.list.reason1x;Es sind keine messtechnischen Konfigurationen im angegebenen Zeitraum vorhanden.
IMT;REST;readings.list.reason2x;Es wurden noch keine Daten erfasst oder hinzugefügt.
IMT;REST;register-data.list.add;Messwerte hinzufügen
IMT;REST;ruleSet.addMetrologyConfigurationPurposes.grid.multiselect.selected[0];Es wurden keine Zwecke der messtechnischen Konfigurationen ausgewählt.
IMT;REST;ruleSet.addMetrologyConfigurationPurposes.grid.multiselect.selected[1];Es wurde {0} Zweck der messtechnischen Konfigurationen ausgewählt.
IMT;REST;ruleSet.addMetrologyConfigurationPurposes.grid.multiselect.selected[many];Es wurden {0} Zwecke der messtechnischen Konfigurationen ausgewählt.
IMT;REST;ruleSet.addMetrologyConfigurationPurposes.infoText;Es werden nur die Zwecke der messtechnischen Konfiguration mit mindestens einem übereinstimmenden Messtyp angezeigt.
IMT;REST;ruleSet.addStates.grid.multiselect.selected[0];Es wurden keine Status ausgewählt.
IMT;REST;ruleSet.addStates.grid.multiselect.selected[1];Es wurde {0} Status ausgewählt.
IMT;REST;ruleSet.addStates.grid.multiselect.selected[many];Es wurden {0} Status ausgewählt.
IMT;REST;ruleSet.estimation.metrologyConfigurationPurposes.removeConfirmation.msg;Dieses Bewertungsregelwerk wird für diesen Zweck der messtechnischen Konfiguration nicht mehr verfügbar sein.
IMT;REST;ruleSet.metrologyConfigurationPurposes.add.success.msg;Es wurden {0} Zwecke der messtechnischen Konfigurationen hinzugefügt.
IMT;REST;ruleSet.metrologyConfigurationPurposes.empty.list.item;Es wurden keine Zwecke der messtechnischen Konfiguration gefunden.
IMT;REST;ruleSet.metrologyConfigurationPurposes.empty.list.item1;Es wurden noch keine messtechnischen Konfigurationen hinzugefügt.
IMT;REST;ruleSet.metrologyConfigurationPurposes.empty.list.item2;Es sind keine Zwecke der messtechnischen Konfiguration mit den Messtypen vorhanden, die den Regeln im Regelsatz entsprechen.
IMT;REST;ruleSet.metrologyConfigurationPurposes.empty.list.item3;Es sind Zwecke der messtechnischen Konfiguration vorhanden, Sie sind jedoch nicht zu deren Anzeige berechtigt.
IMT;REST;ruleSet.metrologyConfigurationPurposes.pagingtoolbarbottom.itemsPerPage;Zwecke der messtechnischen Konfiguration pro Seite
IMT;REST;ruleSet.metrologyConfigurationPurposes.pagingtoolbartop.displayMoreMsg;{0} - {1} von mehr als {2} Zwecken der messtechnischen Konfiguration
IMT;REST;ruleSet.metrologyConfigurationPurposes.pagingtoolbartop.displayMsg;{0} - {1} von {2} Zwecken der messtechnischen Konfiguration
IMT;REST;ruleSet.metrologyConfigurationPurposes.pagingtoolbartop.emptyMsg;Es sind keine Zwecke der messtechnischen Konfiguration zur Anzeige verfügbar.
IMT;REST;ruleSet.metrologyConfigurationPurposes.remove.success.msg;Der Zweck der messtechnischen Konfiguration wurde entfernt.
IMT;REST;ruleSet.validation.metrologyConfigurationPurposes.removeConfirmation.msg;Der Validierungsregelsatz wird für diesen Zweck der messtechnischen Konfiguration nicht mehr verfügbar sein.
IMT;REST;searchItems.bulk.actionDetails;Aktionsdetails
IMT;REST;searchItems.bulk.addCalendarToAllDevices.all1;an alle Verwendungsstellen
IMT;REST;searchItems.bulk.addCalendarToAllDevices.baseSuccessMsg;Der Kalender {0} {1} wurde erfolgreich hinzugefügt.
IMT;REST;searchItems.bulk.addCalendarToAllDevices[0];an {0} Verwendungsstellen
IMT;REST;searchItems.bulk.addCalendarToAllDevices[1];an {0} Verwendungsstelle
IMT;REST;searchItems.bulk.addCalendarToAllDevices[many];an {0} Verwendungsstellen
IMT;REST;searchItems.bulk.addCalendarToAllUsagePoints.confirmMsg;Kalender {0} zu allen Verwendungsstellen hinzufügen?
IMT;REST;searchItems.bulk.addCalendarToAllUsagePoints.infoMsg;Die ausgewählten Verwendungsstellen werden diesen Kalender verwenden.
IMT;REST;searchItems.bulk.addCalendarXTo1UsagePoint.confirmMsg;Kalender {0} zur Verwendungsstelle {1} hinzufügen?
IMT;REST;searchItems.bulk.addCalendarXToYUsagePoints.confirmMsg;Kalender {0} zu den Verwendungsstellen {1} hinzufügen?
IMT;REST;searchItems.bulk.calendarErrorMsgDot;Diese Seite enthält Fehler, die Ihre Aufmerksamkeit erfordern.
IMT;REST;searchItems.bulk.confirmation;Bestätigung
IMT;REST;searchItems.bulk.devicesError;Sie müssen einen oder mehrere Verwendungsstellen auswählen, um zum nächsten Schritt übergehen zu können.
IMT;REST;searchItems.bulk.selectAction;Aktion auswählen
IMT;REST;searchItems.bulk.selectatleast1usagepoint;Mindestens eine Verwendungsstelle auswählen
IMT;REST;searchItems.bulk.selectCalendar;Kalender auswählen
IMT;REST;searchItems.bulk.selectDevices;Geräte auswählen
IMT;REST;searchItems.bulk.step3title;Schritt 3: Aktionsdetails
IMT;REST;selectFavoriteUsagePointGroups.addUsagePointGroup;Verwendungsstellengruppe hinzufügen
IMT;REST;selectFavoriteUsagePointGroups.empty.list.item0;Es wurden keine Verwendungsstellengruppen definiert.
IMT;REST;selectFavoriteUsagePointGroups.empty.title;Es wurde keine Verwendungsstellengruppe gefunden.
IMT;REST;selectFavoriteUsagePointGroups.title;Bevorzugte Verwendungsstellengruppen auswählen
IMT;REST;selectMetrologyConfiguration.navigation.step1;Messtechnische Konfiguration auswählen
IMT;REST;servicecalls.runningServiceCalls;Dienstaufrufe werden ausgeführt
IMT;REST;serviceCategories.cas.empty.list.item1;Es wurden noch keine benutzerdefinierten Attributesätze hinzugefügt.
IMT;REST;serviceCategories.empty.list.item;Es wurden noch keine Dienstkategorien definiert.
IMT;REST;serviceCategories.pagingtoolbartop.displayMoreMsg;{0} - {1} von mehr als {2} Dienstkategorien
IMT;REST;serviceCategories.pagingtoolbartop.displayMsg;{0} - {1} von {2} Dienstkategorien
IMT;REST;serviceCategories.pagingtoolbartop.emptyMsg;Es sind keine Dienstkategorien zur Anzeige verfügbar.
IMT;REST;timesliced.customattributtesets.timeexceeds;Die Anfangszeit liegt nach der Endzeit.
IMT;REST;transitionBusinessProcess.addProcesses;Prozesse hinzufügen
IMT;REST;transitionBusinessProcess.empty.list.item1;Es wurden noch keine Prozesse definiert.
IMT;REST;transitionBusinessProcess.empty.list.item2;Es wurden bereits alle Prozesse zum Status hinzugefügt.
IMT;REST;transitionBusinessProcess.empty.title;Es wurden keine Prozesse gefunden.
IMT;REST;transitionBusinessProcess.entry;Prozesse am Eingang
IMT;REST;transitionBusinessProcess.exit;Prozesse am Ausgang
IMT;REST;transitionBusinessProcess.no.processes.selected;Mindestens einen Prozess auswählen
IMT;REST;transitionBusinessProcesses.process.name;Name
IMT;REST;usagePoint.acknowledge.calendarAdded;Der Kalender wurde hinzugefügt.
IMT;REST;usagePoint.acknowledge.updateSuccess;Verwendungsstellen gespeichert
IMT;REST;usagepoint.add.clarification.serviceCategory;Die Dienstkategorien, die Sie aufgrund von unzureichenden Berechtigungen nicht bearbeiten können, sind nicht enthalten.
IMT;REST;usagepoint.add.emptyText.bypassStatus;Status umgehen...
IMT;REST;usagepoint.add.emptyText.calendar;Kalender auswählen...
IMT;REST;usagepoint.add.emptyText.phaseCode;Phasencode auswählen...
IMT;REST;usagepoint.add.emptyText.serviceCategory;Dienstkategorie auswählen...
IMT;REST;usagepoint.add.emptyText.typeOfUsagePoint;Verwendungsstellentyp auswählen...
IMT;REST;usagepoint.add.noServiceCategoryAvailable;Es ist keine Dienstkategorie verfügbar, da Sie nicht über ausreichende Berechtigungen verfügen.
IMT;REST;usagepoint.add.notPossibleAdd;Sie können keine Verwendungstelle hinzufügen, da eine Dienstkategorie verfügbar ist.
IMT;REST;usagepoint.add.required;Dieses Feld ist erforderlich.
IMT;REST;usagepoint.add.successMsg;Die Verwendungsstelle wurde hinzugefügt.
IMT;REST;usagepoint.associateddevices;Verbundene Geräte
IMT;REST;usagePoint.calendars.define;Kalender hinzufügen
IMT;REST;usagePoint.calendars.empty.reason;Es wurden noch keine Kalender hinzugefügt.
IMT;REST;usagepoint.dataEstimation.estimationConfiguration;Konfiguration der Bewertung
IMT;REST;usagepoint.dataValidation.addRulesSetGrid.emptyCmp.item2;Alle Validierungsregelsätze wurden bereits hinzugefügt.
IMT;REST;usagepoint.dataValidation.estimationConfiguration;Konfiguration der Bewertung
IMT;REST;usagepoint.dataValidation.rulesSetGrid.emptyCmp.item1;Es wurden noch keine Validierungsregelsätze definiert.
IMT;REST;usagepoint.dataValidation.rulesSetGrid.emptyCmp.item2;Die Validierungsregelsätze sind vorhanden, Sie sind jedoch nicht befugt, sie einzusehen.
IMT;REST;usagepoint.dataValidation.rulesSetGrid.emptyCmp.title;Keine Validierungsregelsätze gefunden
IMT;REST;usagepoint.dataValidation.schedule.emptyCmp.item1;Es wurden noch keine Validierungsaufgaben definiert.
IMT;REST;usagepoint.dataValidation.schedule.emptyCmp.item2;Es sind Validierungsaufgaben vorhanden, Sie sind jedoch nicht zu deren Anzeige berechtigt.
IMT;REST;usagepoint.dataValidation.schedule.emptyCmp.title;Es wurden keine Validierungsaufgaben gefunden.
IMT;REST;usagepoint.dataValidation.validationConfiguration;Validierungskonfiguration
IMT;REST;usagepoint.estimation.addRulesSetGrid.emptyCmp.item2;Alle Bewertungsregelwerke wurden bereits hinzugefügt.
IMT;REST;usagepoint.estimation.estimationConfiguration;Konfiguration der Bewertung
IMT;REST;usagepoint.estimation.rulesSetGrid.emptyCmp.item1;Es wurden noch keine Bewertungsregelwerke definiert.
IMT;REST;usagepoint.estimation.rulesSetGrid.emptyCmp.item2;Es sind Bewertungsregelwerke vorhanden, Sie sind jedoch nicht zu deren Anzeige berechtigt.
IMT;REST;usagepoint.estimation.rulesSetGrid.emptyCmp.title;Es wurden keine Bewertungsregelwerke gefunden.
IMT;REST;usagePoint.flag.tooltip.flag;Das Element anklicken, um die Verwendungsstelle zu kennzeichnen.
IMT;REST;usagePoint.flag.tooltip.unflag;Das Element anklicken, um es aus der Liste der gekennzeichneten Verwendungsstelle zu entfernen.
IMT;REST;usagepoint.history;Historie
IMT;REST;usagePoint.history.meters.empty.title;Es wurden noch keine Zähler mit dieser Verwendungsstelle verknüpft.
IMT;REST;usagePoint.history.metrologyConfiguration.empty.title;Es wurden noch keine messtechnischen Konfigurationen mit dieser Verwendungsstelle verknüpft.
IMT;REST;usagepoint.linkedDevices;Verbundenes Gerät
IMT;REST;usagepoint.linked-metrologyconfiguration;Verbundene Metrologie-Konfiguration
IMT;REST;usagepoint.menu.purposes;Zwecke
IMT;REST;usagepoint.meterRole.select;Zählerrolle auswählen
IMT;REST;usagePoint.meterRoles.empty.reason;Die Zählerrollen wurden noch nicht mit dieser Verwendungsstelle verknüpft.
IMT;REST;usagePoint.meterRoles.empty.title;Es sind keine Zählerrollen vorhanden.
IMT;REST;usagePoint.metrologyConfiguration.empty.reason.at.this.time;Die messtechnische Konfiguration ist zu diesem Zeitpunkt nicht verknüpft.
IMT;REST;usagePoint.metrologyConfiguration.link;Messtechnische Konfiguration verknüpfen
IMT;REST;usagePoint.metrologyConfiguration.unlink;Verknüpfung von messtechnischer Konfiguration aufheben
IMT;REST;usagePoint.metrologyConfigurations.history.pagingtoolbartop.displayMsgs;{2} messtechnische Konfiguration(en)
IMT;REST;usagepoint.navigation.step1;Allgemeine Angaben
IMT;REST;usagepoint.navigation.step2;Technische Daten
IMT;REST;usagepoint.process.startProcess;Prozess starten
IMT;REST;usagepoint.processes;Prozesse
IMT;REST;usagepoint.purpose.estimation.task.noTasks.on.usagePoint;Es wurden noch keine Bewertungsaufgaben für diese Verwendungsstelle konfiguriert. ({0} Bewertungsaufgaben verwalten {1})
IMT;REST;usagepoint.purpose.export.task.noTasks.on.usagePoint;Es wurden noch keine Exportaufgaben für diese Verwendungsstelle konfiguriert ({0} Exportaufgaben verwalten {1}).
IMT;REST;usagepoint.purpose.output.validation.alldatavalidated;Alle Daten wurden validiert.
IMT;REST;usagepoint.purpose.output.validation.hasSuspects.qtip;Der Ausgang enthält fehlerverdächtige Werte für den angegebenen Zeitraum.
IMT;REST;usagepoint.purpose.output.validation.lastchecked;Letzte Prüfung
IMT;REST;usagepoint.purpose.output.validation.lastchecked.qtip;Der Zeitpunkt, an dem das letzte Intervall im Validierungsprozess geprüft wurde.
IMT;REST;usagepoint.purpose.output.validation.status;Validierungsstatus
IMT;REST;usagepoint.purpose.output.validation.status.active;Aktiv
IMT;REST;usagepoint.purpose.output.validation.status.inactive;Inaktiv
IMT;REST;usagepoint.purpose.output.validation.suspects;Fehlerverdächtige Werte (im letzten Monat)
IMT;REST;usagepoint.purpose.validation.task.noTasks.on.usagePoint;Es wurden noch keine Validierungsaufgaben für diese Verwendungsstelle konfiguriert ({0} Validierungsaufgaben verwalten{1}).
IMT;REST;usagepoint.registerData.delete.message.new;Der Registerwert mit der Messzeit {0} um {1} wird nicht mehr verfügbar sein.
IMT;REST;usagepoint.registerData.delete.title.question;Messwerte entfernen?
IMT;REST;usagepoint.registerData.editReading;Messwerte bearbeiten
IMT;REST;usagepoint.registerData.interval.end;Ende des Zeitraums
IMT;REST;usagepoint.registerData.interval.start;Anfang des Zeitabschnitts
IMT;REST;usagepoint.registerData.measurementTime;Messzeit
IMT;REST;usagepoint.registerData.removed;Die Registerdaten wurden erfolgreich entfernt.
IMT;REST;usagepoint.registerData.reset.title.question1;Messwerte zurückstellen?
IMT;REST;usagepoint.registerData.restored;Die Registerdaten wurden erfolgreich auf die Gesamtmenge zurückgestellt.
IMT;REST;usagepoint.registerData.restored.message.new;Der Registerwert mit der Messzeit {0} um {1} wird auf den Wert des aggregierten Messwerts des Zählers zurückgestellt.
IMT;REST;usagepoint.registerData.updated;Die Registerdaten wurden gespeichert.
IMT;REST;usagepoint.registerData.value;Wert
IMT;REST;usagepoint.servicecall.cancelall.title;Alle laufenden Dienstaufrufe abbrechen?
IMT;REST;usagepoint.servicecall.remove.msg;Dieser Dienstaufruf wird nicht mehr ausgeführt. Möchten Sie fortfahren?
IMT;REST;usagePoint.setMeters.keepTyping;Die Eingabe zur Eingrenzung fortsetzen.
IMT;REST;usagepoint.setMeters.strtTyping;Eingabe beginnen, um einen Zähler auszuwählen.
IMT;REST;usagepoint.setMetrologyConfigurations.selectMC;Messtechnische Konfiguration auswählen
IMT;REST;usagepoint.setTransitions.selectMeterRole;Zählerrolle auswählen...
IMT;REST;usagepoint.setTransitions.selectTransition;Übergang auswählen...
IMT;REST;usagepoint.wizard.calendar.description;Kalender für diese Verwendungsstelle auswählen
IMT;REST;usagepoint.wizard.calendarStepTitle;Schritt {0}: {1}
IMT;REST;usagepoint.wizard.cpsStepTitle;Schritt {0}: {1}
IMT;REST;usagepoint.wizard.lifeCycleTransitionStep.description;Der ausgewählte Übergang des Arbeitszyklus der Verwendungsstelle wird nach dem Erstellen der Verwendungsstelle ausgelöst.
IMT;REST;usagepoint.wizard.linkMetrologyConfigurationWithMetersStep.description;Eine messtechnische Konfiguration verknüpfen, und die Zähler mit den Zählerrollen der ausgewählten messtechnischen Konfiguration verknüpfen.
IMT;REST;usagepoint.wizard.menu;Verwendungsstelle hinzufügen
IMT;REST;usagepoint.wizard.step1title;Schritt 1: Allgemeine Angaben
IMT;REST;usagepoint.wizard.step2title;Schritt 2: Technische Daten
IMT;REST;usagepointgroup.add;Verwendungsstellengruppe hinzufügen
IMT;REST;usagepointgroup.empty.list.item1;Es wurden noch keine Verwendungsstellengruppen definiert.
IMT;REST;usagepointgroup.empty.list.item2;Es sind Verwendungsstellengruppen vorhanden, Sie sind jedoch nicht zu deren Anzeige berechtigt.
IMT;REST;usagepointgroup.empty.list.message;Es sind keine Verwendungsstellen in Ihrer Gruppe vorhanden.
IMT;REST;usagepointgroup.empty.title;Es wurden keine Verwendungsstellengruppen gefunden.
IMT;REST;usagePointGroup.flag.tooltip.flag;Das Element anklicken, um die Verwendungsstellengruppe zu kennzeichnen.
IMT;REST;usagePointGroup.flag.tooltip.unflag;Das Element anklicken, um es aus der Liste der gekennzeichneten Verwendungsstellengruppen zu entfernen.
IMT;REST;usagepointgroup.noCriteriasSelected;Geben Sie mindestens ein Suchkriterium an.
IMT;REST;usagepointgroup.pagingtoolbarbottom.itemsPerPage;Verwendungsstellengruppen pro Seite
IMT;REST;usagepointgroup.pagingtoolbartop.displayMoreMsg;{0} - {1} von mehr als {2} Verwendungsstellengruppen
IMT;REST;usagepointgroup.pagingtoolbartop.displayMsg;{0} - {1} von {2} Verwendungsstellengruppen
IMT;REST;usagepointgroup.pagingtoolbartop.emptyMsg;Es sind keine Verwendungsstellengruppen zur Anzeige verfügbar.
IMT;REST;usagepointgroup.remove.msg;Diese Verwendungsstellengruppe wird nicht mehr verfügbar sein.
IMT;REST;usagepointgroup.remove.success.msg;Die Verwendungsstellengruppe wurde entfernt.
IMT;REST;usagepointgroup.wizard.add.dynamic.confirmationTitle;Dynamische Verwendungsstellengruppe {0} hinzufügen?
IMT;REST;usagepointgroup.wizard.add.failure;Das Hinzufügen der Verwendungsstellengruppe ''{0}'' ist fehlgeschlagen.
IMT;REST;usagepointgroup.wizard.add.static.confirmationTitle;Statische Verwendungsstellengruppe {0} hinzufügen?
IMT;REST;usagepointgroup.wizard.add.success;Die Verwendungsstellengruppe {0} wurde erstellt.
IMT;REST;usagepointgroup.wizard.dynamic;Dynamische Verwendungsstellengruppe (auf der Grundlage der Suchkriterien)
IMT;REST;usagepointgroup.wizard.dynamic.confirmationMessage.criteriaNumber;Anzahl der angegebenen Suchkriterien: {0}
IMT;REST;usagepointgroup.wizard.dynamic.confirmationMessage.usagePointsNumber;Aktuelle Anzahl der Verwendungsstellen: {0}
IMT;REST;usagepointgroup.wizard.edit.confirmationTitle;Verwendungsstellengruppe {0} speichern?
IMT;REST;usagepointgroup.wizard.progress.countingUsagePoints;Zählen der Anzahl der Verwendungsstellen Bitte warten...
IMT;REST;usagepointgroup.wizard.progress.creationGroup;Erstellung der Verwendungsstellengruppe Bitte warten...
IMT;REST;usagepointgroup.wizard.progress.modificationGroup;Änderung der Verwendungsstellengruppe Bitte warten...
IMT;REST;usagepointgroup.wizard.save.failure;Fehler beim Speichern der Verwendungsstelle ''{0}''.
IMT;REST;usagepointgroup.wizard.save.success;Die Verwendungsstellengruppe {0} wurde gespeichert.
IMT;REST;usagepointgroup.wizard.static;Statische Verwendungsstellengruppen (basierend auf den Suchergebnissen)
IMT;REST;usagepointgroup.wizard.static.confirmationMessage;Anzahl der Verwendungsstellen: {0}
IMT;REST;usagepointgroup.wizard.step1.title.add;Schritt 1: Allgemeine Attribute
IMT;REST;usagepointgroup.wizard.step1.title.edit;Schritt 1: Gruppennamen einstellen
IMT;REST;usagepointgroup.wizard.step2.title;Schritt 2: Verwendungsstellen auswählen
IMT;REST;usagepointgroup.wizard.step3.title;Schritt 3: Bestätigung
IMT;REST;usagepointgroup.wizard.step4.title;Schritt 4: Status
IMT;REST;usagepointgroup.wizardMenu;Verwendungsstellengruppe hinzufügen
IMT;REST;usagePointHistory.abortTransitionMsg;Die geplante Statusänderung wird abgebrochen.
IMT;REST;usagePointHistory.abortTransitionTitle;Statusänderung von {0} zu {1} abbrechen?
IMT;REST;usagePointLifeCycles.acknowledgment.setAsDefault;Der Arbeitszyklus der Verwendungsstelle wurde als Standard festgelegt.
IMT;REST;usagePointLifeCycles.add.successMsg;Der Arbeitszyklus der Verwendungsstelle wurde hinzugefügt.
IMT;REST;usagePointLifeCycles.add.templateMsg;Der neue Arbeitszyklus der Verwendungsstelle basiert auf der Standardvorlage und wird dieselben Status und Übergänge verwenden.
IMT;REST;usagePointLifeCycles.clone.successMsg;Der Arbeitszyklus der Verwendungsstelle wurde geklont.
IMT;REST;usagePointLifeCycles.clone.templateMsg;Der neue Arbeitszyklus der Verwendungsstelle basiert auf {0} und wird dieselben Status und Übergänge verwenden.
IMT;REST;usagePointLifeCycles.clone.title;{0} klonen
IMT;REST;usagePointLifeCycles.confirmWindow.removeMsg;Dieser Arbeitszyklus der Verwendungsstelle wird nicht mehr verfügbar sein.
IMT;REST;usagePointLifeCycles.edit.successMsg;Der Arbeitszyklus der Verwendungsstelle wurde gespeichert.
IMT;REST;usagePointLifeCycles.edit.title;{0} bearbeiten
IMT;REST;usagePointLifeCycles.empty.list.item1;Es wurden noch keine Arbeitszyklen der Verwendungsstelle definiert.
IMT;REST;usagePointLifeCycles.empty.list.item2;Es sind Arbeitszyklen der Verwendungsstelle vorhanden, Sie sind jedoch nicht zu deren Anzeige berechtigt.
IMT;REST;usagePointLifeCycles.empty.title;Es wurden keine Arbeitszyklen der Verwendungsstelle gefunden.
IMT;REST;usagePointLifeCycles.noLongerBeUsed;Der Arbeitszyklus der Verwendungsstelle wurde archiviert und kann nicht mehr verwendet werden.
IMT;REST;usagePointLifeCycles.pagingtoolbartop.displayMoreMsg;{0} - {1} von mehr als {2} Arbeitszyklen der Verwendungsstelle
IMT;REST;usagePointLifeCycles.pagingtoolbartop.displayMsg;{0} - {1} von {2} Arbeitszyklen der Verwendungsstelle
IMT;REST;usagePointLifeCycles.pagingtoolbartop.emptyMsg;Es sind keine Arbeitszyklen der Verwendungsstelle zur Anzeige verfügbar.
IMT;REST;usagePointLifeCycles.remove.title;{0} entfernen?
IMT;REST;usagePointLifeCycles.removeSuccessMsg;Der Arbeitszyklus der Verwendungsstelle wurde entfernt.
IMT;REST;usagePointLifeCycleStates.add;Status hinzufügen
IMT;REST;usagePointLifeCycleStates.added;Status hinzugefügt
IMT;REST;usagePointLifeCycleStates.edit;Status bearbeiten
IMT;REST;usagePointLifeCycleStates.empty.list.item1;Es wurden noch keine Status hinzugefügt.
IMT;REST;usagePointLifeCycleStates.empty.title;Es wurden keine Status gefunden.
IMT;REST;usagePointLifeCycleStates.initialState;Anfangsstatus
IMT;REST;usagePointLifeCycleStates.noProcessesAdded;Es wurden keine Prozesse hinzugefügt.
IMT;REST;usagePointLifeCycleStates.pagingtoolbarbottom.itemsPerPage;Status pro Seite
IMT;REST;usagePointLifeCycleStates.pagingtoolbartop.displayMoreMsg;{0} - {1} von mehr als {2} Status
IMT;REST;usagePointLifeCycleStates.pagingtoolbartop.displayMsg;{0} - {1} von {2} Status
IMT;REST;usagePointLifeCycleStates.pagingtoolbartop.emptyMsg;Es sind keine Status zur Anzeige verfügbar.
IMT;REST;usagePointLifeCycleStates.remove.msg;Dieser Status wird nicht mehr verfügbar sein.
IMT;REST;usagePointLifeCycleStates.remove.success.msg;Der Status wurde entfernt.
IMT;REST;usagePointLifeCycleStates.saved;Der Status wurde gespeichert.
IMT;REST;usagePointLifeCycleStates.setAsInitial;Als Anfangsstatus einstellen
IMT;REST;usagePointLifeCycleTransitions.add.autoActions;Automatische Aktionen
IMT;REST;usagePointLifeCycleTransitions.add.failedAutoActions;Fehlgeschlagene automatische Aktionen
IMT;REST;usagePointLifeCycleTransitions.add.failedPretransitionChecks;Fehlgeschlagene Prüfungen vor dem Übergang
IMT;REST;usagePointLifeCycleTransitions.add.noMandatoryAction;Es sind keine automatischen Aktionen verfügbar.
IMT;REST;usagePointLifeCycleTransitions.add.noMandatoryChecks;Es sind keine Prüfungen vor dem Übergang verfügbar.
IMT;REST;usagePointLifeCycleTransitions.add.noStates;Es sind keine Status verfügbar.
IMT;REST;usagePointLifeCycleTransitions.add.partOfMandatoryAction;Dies gehört zu den zwingend erforderlichen automatischen Aktionen.
IMT;REST;usagePointLifeCycleTransitions.add.partOfMandatoryChecks;Dies gehört zu den zwingend erforderlichen Prüfungen.
IMT;REST;usagePointLifeCycleTransitions.add.pretransitionChecks;Prüfungen vor dem Übergang
IMT;REST;usagePointLifeCycleTransitions.add.showAll;Alle anzeigen
IMT;REST;usagePointLifeCycleTransitions.add.showOptional;Nur die Optionen anzeigen
IMT;REST;usagePointLifeCycleTransitions.add.successMessage;Der Übergang wurde hinzugefügt.
IMT;REST;usagePointLifeCycleTransitions.autoActions.empty;Es sind keine automatischen Aktionen vorhanden.
IMT;REST;usagePointLifeCycleTransitions.edit.successMessage;Übergang gespeichert
IMT;REST;usagePointLifeCycleTransitions.empty.list.item1;Es wurden noch keine Übergänge hinzugefügt.
IMT;REST;usagePointLifeCycleTransitions.empty.title;Es wurden keine Übergänge gefunden.
IMT;REST;usagePointLifeCycleTransitions.pagingtoolbarbottom.itemsPerPage;Übergänge pro Seite
IMT;REST;usagePointLifeCycleTransitions.pagingtoolbartop.displayMoreMsg;{0} - {1} von mehr als {2} Übergängen
IMT;REST;usagePointLifeCycleTransitions.pagingtoolbartop.displayMsg;{0} - {1} von {2} Übergänge
IMT;REST;usagePointLifeCycleTransitions.pagingtoolbartop.emptyMsg;Es sind keine Übergänge zur Anzeige verfügbar.
IMT;REST;usagePointLifeCycleTransitions.pretransitionChecks.empty;Es sind keine Prüfungen vor dem Übergang vorhanden.
IMT;REST;usagePointLifeCycleTransitions.remove.msg;Dieser Übergang wird nicht mehr verfügbar sein.
IMT;REST;usagePointLifeCycleTransitions.remove.success.msg;Übergang entfernt
IMT;REST;usagepoints.bulk.addCalendars;Kalender hinzufügen
IMT;REST;usagePoints.bulk.allUsagePoints;Alle Verwendungsstellen
IMT;REST;usagepoints.bulk.calendargMsg;Kalender zu den ausgewählten Verwendungsstellen hinzufügen
IMT;REST;usagepoints.bulk.devicesAddedToQueueTitle;Diese Aufgabe wurde in die Warteschlange gestellt.
IMT;REST;usagePoints.bulk.selectedDevices;Ausgewählte Verwendungsstellen
IMT;REST;usagePoints.bulk.selectedDevicesInTable;Verwendungsstellen in Tabelle auswählen
IMT;REST;usagepoints.bulk.selectedScheduleInTable;Kalender in Tabelle auswählen
IMT;REST;usagePoints.bulk.selectMsg;Alle Verwendungsstellen auswählen (anhand der Filter auf dem vorangehenden Bildschirm).
IMT;REST;usagepoints.bulk.serviceCategory;Dienstkategorie
IMT;REST;usagePoints.bulk.step1.title;Schritt 1: Verwendungsstellen auswählen
IMT;REST;usagepoints.bulk.step2title;Schritt 2: Aktion auswählen
IMT;REST;usagepoints.bulk.step4title;Schritt 4: Bestätigung
IMT;REST;usagepoints.bulk.step5title;Schritt 5: Status
IMT;REST;usagepoints.connectionState;Verbindungsstatus
IMT;REST;usagepoints.metrologyConfiguration;Messtechnische Konfiguration
IMT;REST;usagepoints.pagingtoolbarbottom.itemsPerPage;Verwendungsstellen pro Seite
IMT;REST;usagepoints.pagingtoolbartop.displayMoreMsg;{0} - {1} von mehr als {2} Verwendungsstellen
IMT;REST;usagepoints.pagingtoolbartop.displayMsg;{0} - {1} von {2} Verwendungsstellen
IMT;REST;usagepoints.pagingtoolbartop.emptyMsg;Es sind keine Verwendungsstellen zur Anzeige verfügbar.
IMT;REST;usagepoints.type;Typ
IMT;REST;usagepointsearch.bulk.selectMsg;Alle Verwendungsstellen auswählen (anhand der Suchkriterien).
IMT;REST;usagepointsearch.bulkSelection.allLabel;Alle Verwendungsstellen
IMT;REST;usagepointsearch.BulkSelection.selectedDescription;Verwendungsstellen in Tabelle auswählen
IMT;REST;usagepointsearch.bulkSelection.selectedLabel;Ausgewählte Verwendungsstellen
IMT;REST;usagepointsearch.empty.list.item1;Es sind keine Verwendungsstellen im System vorhanden.
IMT;REST;usagepointsearch.empty.list.item2;Es stimmen keine Verwendungsstellen mit dem Filter überein.
IMT;REST;usagepointsearch.empty.title;Es wurden keine Verwendungsstellen gefunden.
IMT;REST;usagepointtransitionexecute.navigation.step1title;Eigenschaften festlegen
IMT;REST;usagepointtransitionexecute.wizard.progressbar;Die Prüfungen vor dem Übergang und die automatischen Aktionen werden ausgeführt. Bitte warten...
IMT;REST;usagepointtransitionexecute.wizard.step1.title;Schritt 1: Eigenschaften festlegen
IMT;REST;usagepointtransitionexecute.wizard.step2.title;Schritt 2: Status
IMT;REST;usagepointtransitionexecute.wizard.step2success;Der Status der Verwendungsstelle wird an {0} zu ''{1}'' geändert.
IMT;REST;usagepointtransitionexecute.wizard.step2successNow;Der Status der Verwendungsstelle wurde zu ''{0}'' geändert.
IMT;REST;usagepointtransitionexecute.wizard.transitiondate;Übergangsdatum
IMT;REST;useagepoint.servicecall.cancelall.msg;Alle abbrechbaren Dienstaufrufe werden abgebrochen. Möchten Sie fortfahren?
IMT;REST;validation.active;Aktiv
IMT;REST;validation.activeVersion;Aktive Version
IMT;REST;validation.addRuleSet;Validierungsregelsatz hinzufügen
IMT;REST;validation.addRuleSet.purpose;Zweck
IMT;REST;validation.addValidationRule;Validierungsregel hinzufügen
IMT;REST;validation.addValidationRuleSet;Version des Validierungsregelsatzes hinzufügen
IMT;REST;validation.clickForMoreInformation;Klicken Sie hier für mehr Informationen.
IMT;REST;validation.rules.empty.list.item1;Es wurden noch keine Validierungsregeln definiert.
IMT;REST;validation.rules.empty.list.item2;Es wurden noch keine Validierungsregelsatzversionen hinzugefügt.
IMT;REST;validation.rules.empty.title;Keine Validierungsregeln gefunden
IMT;REST;validation.rules.empty.title1;Es wurden keine Versionen des Validierungsregelsatzes gefunden.
IMT;REST;validation.ruleSetAllStates;Der Validierungsregelsatz wird auf Daten in allen Zuständen der Verwendungsstellen angewendet.
IMT;REST;validation.schedule;Planen
IMT;REST;validation.tasks.manage;Validierungsaufgaben verwalten
IMT;REST;validation.usagePointStates;Status der Verwendungsstellen
IMT;REST;validation.version.display.from;Von {0}
IMT;REST;validation.version.display.fromUntil;Von {0} - Bis {1}
IMT;REST;validation.version.display.until;Bis {0}
IMT;REST;validationResults.validate.from;Validierung der Daten von
IMT;REST;validationResults.validate.fromLast;Daten aus der letzten Validierung ({0}) validieren
IMT;REST;validationruleset.deleteConfirmation.msg;Dieser Validierungsregelsatz wird nicht länger verfügbar sein.
IMT;REST;validationruleset.remove.successMsg;Der Validierungsregelsatz wurde entfernt.
IMT;REST;validationRuleSets.count.added[0];Es wurden keine Validierungsregelsätze hinzugefügt.
IMT;REST;validationRuleSets.count.added[1];Es wurde {0} Validierungsregelsatz hinzugefügt.
IMT;REST;validationRuleSets.count.added[many];Es wurden {0} Validierungsregelsätze hinzugefügt.
IMT;REST;validationRuleSets.count.selected[0];Es wurden keine Validierungsregelsätze ausgewählt.
IMT;REST;validationRuleSets.count.selected[1];{0} Validierungsregelsatz ausgewählt
IMT;REST;validationRuleSets.count.selected[many];Es wurden {0} Validierungsregelsätze ausgewählt.
IMT;REST;validationRuleSets.count[0];Es sind keine Validierungsregelsätze vorhanden.
IMT;REST;validationRuleSets.count[1];{0} Validierungsregelsatz
IMT;REST;validationRuleSets.count[many];{0} Validierungsregelsätze
IMT;REST;validationStatus.informative;Informativ
IMT;REST;validationTasks.count[0];Es sind keine Validierungsaufgaben vorhanden.
IMT;REST;validationTasks.count[1];{0} Validierungsaufgabe
IMT;REST;validationTasks.count[many];{0} Validierungsaufgaben
IMT;REST;widget.myWorkList.assignedToMeLabel;Mir zugewiesen ({0})
IMT;REST;widget.myWorkList.myWorkgroupsLabel;In meiner/-n Arbeitsgruppe(n) ({0})
IMT;REST;widget.myWorkList.property.dueDate;Fälligkeitsdatum
IMT;REST;widget.myWorkList.property.name;Name
IMT;REST;widget.myWorkList.property.priority;Priorität
IMT;REST;widget.myWorkList.property.processInstancesId;Prozesskennung
IMT;REST;widget.myWorkList.property.processName;Prozessname
IMT;REST;widget.myWorkList.title;Meine Arbeitsliste
IMT;REST;widget.myWorkList.topLabel;Die wichtigsten {0} dringenden Benutzeraufgaben
IMT;REST;widget.myWorkList.topZeroLabel;Es ist keine offenen Benutzeraufgaben vorhanden, die mir zugewiesen sind.
IMT;REST;widget.myWorkList.userTasks;Benutzeraufgaben
INS;DOMAIN;INS;Insight
PRA;REST;BadFieldValue;Ungültiger Feldwert für {0}
PRA;REST;CanNotHandleAction;Die angeforderte Aktion für den Arbeitszyklus des Geräts kann nicht bearbeitet werden.
PRA;REST;CasIsNotAttachedToUsagePoint;Der benutzerdefinierte Attributesatz mit der Kennung {0} wurde der Verwendungsstelle nicht hinzugefügt.
PRA;REST;com.elster.jupiter.servicecall.ServiceCall;Dienstaufruf
PRA;REST;CommandCallback;Befehle der Verwendungsstelle bearbeiten
PRA;REST;ComTaskExpected;In der Anforderung wurde eine Übertragungsaufgabe erwartet.
PRA;REST;ComTaskNotEnabled;Die Übertragungsaufgabe wurde in der Konfiguration nicht aktiviert.
PRA;REST;ComTaskNotSupporter;Die geplanten Kommunikationstasks können nicht mit Kommunikationstask konfiguriert werden, lediglich Zeitpläne annehmen.
PRA;REST;ConflictOnDevice;Das Gerät, das Sie bearbeiten wollten, wurde von jemand anderem geändert.
PRA;REST;ContentExpected;Bei dieser Methode wurde Inhalt erwartet, das Textfeld war jedoch leer.
PRA;REST;EitherDefaultorExplicit;Die Ausführung der Übertragungsaufgabe sollte entweder über eine Standardverbindungsaufgabe oder eine explizit festgelegte Verbindungsaufgabe erfolgen.
PRA;REST;ExpectedComTask;In der Anforderung wurde eine Übertragungsaufgabe erwartet.
PRA;REST;ExpectedContacterStatus;In der Anforderung wurde ein Geräteschützstatus erwartet.
PRA;REST;ExpectedDeviceMessageId;In der Anforderung wurde eine Kennung für die Gerätemeldung erwartet.
PRA;REST;ExpectedDeviceMessageSpecId;In der Anforderung wurde eine Spezifikationskennung für die Gerätemeldung erwartet.
PRA;REST;ExpectedInbound;Die erwartete Verbindungsmethode auf dem Gerät war vom Typ ''Eingehend''.
PRA;REST;ExpectedOutbound;Die erwartete Verbindungsmethode auf dem Gerät war vom Typ ''Ausgehend''.
PRA;REST;ExpectedPartialInbound;Die erwartete Verbindungsmethode in der Gerätekonfiguration war vom Typ ''Eingehend''.
PRA;REST;ExpectedPartialOutbound;Die erwartete Verbindungsmethode in der Gerätekonfiguration war vom Typ ''Ausgehend''.
PRA;REST;ExpectedProtocolInfo;In der Anforderung wurden Protokolldaten erwartet.
PRA;REST;HttpConnectionFailed;Senden einer HTTP-Antwort nicht möglich
PRA;REST;ImpossibleToSetMasterDevice;Das Gerät {0} ist direkt adressierbar. Das Hauptgerät kann nicht eingestellt werden.
PRA;REST;InvalidEndDeviceStage;Der Zähler befindet sich zum Zeitpunkt der Verknüpfung {0} nicht in einem betriebsbereitem Arbeitszyklus.
PRA;REST;invalidFieldLength;Die Feldlänge darf {max} Zeichen nicht überschreiten.
PRA;REST;InvalidStartTime;Die Anfangszeit ist ungültig, da sie nicht vor der letzten Aktivierung liegen kann.
PRA;REST;IssueAlreadyClosed;Das Problem mit der Kennung {0} wurde bereits geschlossen.
PRA;REST;IssueLockAttemptFailed;Es konnte keine Sperre für das Problem mit der Kennung {0} abgerufen werden.
PRA;REST;javax.validation.constraints.NotNull.message;Das erwartete Feld darf nicht null sein.
PRA;REST;MetersMustBeSpecifiedForMeterRoles;Die Zähler für die erforderlichen Zählerrollen {0} sind an der Verwendungsstelle nicht festgelegt.
PRA;REST;MethodIdExpected;Es wurde eine Verbindungsmethodenkennung erwartet.
PRA;REST;MetrologyContractsIncomplete;Die erforderlichen Verträge über messtechnische Dienstleistungen sind unvollständig.
PRA;REST;MissingConnectionTaskType;Die Art der Verbindungsaufgabe fehlt.
PRA;REST;NoComtaskForCommand;Es konnte keine Übertragungsaufgabe zur Ausführung der Gerätemeldungen gefunden werden.
PRA;REST;NoData;Es wurden keine Daten in Ihrer Anforderung gefunden.
PRA;REST;NoPartialConnectionTask;Die Verbindungsmethode auf dem Gerät fehlt.
PRA;REST;NoServiceKind;Dieses Feld ist erforderlich.
PRA;REST;NoSuchAuthDevAccessLevel;Das Geräteprotokoll weist keine Zugriffsebene für Authentifizierungen mit dieser Kennung auf.
PRA;REST;NoSuchComSchedule;Der Übertragungszeitplan ist nicht vorhanden.
PRA;REST;NoSuchComTask;Die Übertragungsaufgabe ist nicht vorhanden.
PRA;REST;NoSuchComtaskEnablement;Es ist keine Berechtigung für die Übertragungsaufgabe vorhanden.
PRA;REST;NoSuchComTaskExecution;Das Gerät weist keine Übertragungsaufgabe mit dieser Kennung auf.
PRA;REST;NoSuchConnectionState;Es ist kein solcher Verbindungsstatus vorhanden.
PRA;REST;NoSuchConnectionTask;Das Gerät enthält keine Verbindungsmethode mit dieser Kennung.
PRA;REST;NoSuchDetail;Es konnten keine Details für diesem Zeitpunkt gefunden werden.
PRA;REST;NoSuchDevice;Das Gerät ist nicht vorhanden.
PRA;REST;NoSuchDeviceConfig;Der Gerätetyp enthält keine Gerätekonfiguration mit dieser Kennung.
PRA;REST;NoSuchDeviceLifeCycleAction;Es ist keine Aktion für den Arbeitszyklus des Geräts mit der Kennung = {0} vorhanden.
PRA;REST;NoSuchDeviceMessage;Das Gerät weist keine bekannte Gerätemeldung mit dieser Kennung auf.
PRA;REST;NoSuchDeviceMessageCategory;Es ist keine solche Gerätemeldungskategorie vorhanden.
PRA;REST;NoSuchDeviceMessageSpec;Die Gerätemeldungskategorie enthält keine Meldungsspezifikation mit dieser Kennung.
PRA;REST;NoSuchDeviceProtocol;Das Geräteprotokoll ist nicht vorhanden.
PRA;REST;NoSuchDeviceType;Der Gerätetyp ist nicht vorhanden.
PRA;REST;NoSuchDomainExtension;Die Domainerweiterung für den Dienstaufruf kann nicht abgerufen werden.
PRA;REST;NoSuchEncDevAccessLevel;Das Geräteprotokoll weist keine Zugriffsebene für Verschlüsselungen mit dieser Kennung auf.
PRA;REST;NoSuchEndDevice;Es ist kein solches Endgerät an der Verwendungsstelle vorhanden.
PRA;REST;NoSuchEndpoint;Die Domainerweiterung für den Dienstaufruf kann nicht abgerufen werden.
PRA;REST;NoSuchIssue;Es ist kein solches Problem mit der Kennung {0} vorhanden.
PRA;REST;NoSuchLocation;Es ist kein solcher Standort mit der Kennung {0} vorhanden.
PRA;REST;NoSuchMessageCategory;Die Meldungskategorie ist nicht vorhanden.
PRA;REST;NoSuchMessageEnablement;Die Gerätekonfiguration enthält keine Freigabe für Gerätemeldungen mit dieser Kennung.
PRA;REST;NoSuchMeter;Es ist kein solcher Zähler vorhanden.
PRA;REST;NoSuchMeterActivation;Es ist keine solche Zähleraktivierung an der Verwendungsstelle vorhanden.
PRA;REST;NoSuchMeterRole;Es ist keine solche Zählerrolle mit dem Schlüssel {0} vorhanden.
PRA;REST;NoSuchMetrologyConfig;Es ist keine solche messtechnische Konfiguration vorhanden.
PRA;REST;NoSuchPartialConnectionTask;Die Gerätekonfiguration enthält keine Verbindungsmethode mit dieser Kennung.
PRA;REST;NoSuchPropertySet;Es sind keine solchen benutzerdefinierten Eigenschaften vorhanden.
PRA;REST;NoSuchProtocolDialectProperties;Die Protokolldialekteigenschaften sind nicht vorhanden.
PRA;REST;NoSuchProtocolTask;Die Protokollaufgabe ist nicht vorhanden.
PRA;REST;NoSuchSecurityPropertySet;Die Sicherheitseigenschaften sind nicht vorhanden.
PRA;REST;NoSuchServiceCallType;Es ist kein solcher Dienstaufruftyp mit der Kennung {0} vorhanden.
PRA;REST;NoSuchServiceCategory;Es ist keine solche Dienstkategorie vorhanden.
PRA;REST;NoSuchStatus;Es ist kein solcher Status mit dem Schlüssel {0} vorhanden.
PRA;REST;NoSuchUsagePoint;Es ist keine solche Verwendungsstelle vorhanden.
PRA;REST;NoSuchUsagePointLifeCycle;Es ist kein solcher Arbeitszyklus der Verwendungsstelle mit der Kennung {0} vorhanden.
PRA;REST;NoSuchUsagePointLifeCycleState;Es ist kein solcher Status des Arbeitszyklus der Verwendungsstelle mit der Kennung {0} vorhanden.
PRA;REST;NoSuchUser;Es ist kein solcher Benutzer mit der Kennung {0} vorhanden.
PRA;REST;NotFound;Die Ressource konnte nicht gefunden werden.
PRA;REST;NoUsagePointLifeCycleTransition;Es ist kein Übergang der Verwendungsstelle mit der Kennung {0} vorhanden.
PRA;REST;NuSuchGateway;Das Gateway-Gerät ist nicht vorhanden.
PRA;REST;privilege.pulse.public.api.rest;Aufrufen
PRA;REST;pulse.public.api;Öffentliche Programmierschnittstelle
PRA;REST;pulse.public.api.description;Öffentliche API verwalten
PRA;REST;ReleaseDateExpected;In der Anforderung wurde ein Freigabedatum erwartet.
PRA;REST;ScheduleExpected;In einer geplanten Übertragungsaufgabe wird ein Übertragungszeitplan erwartet.
PRA;REST;ScheduleSpecExpected;Eine manuell geplante Übertragungsaufgabe erfordert eine Spezifikation des Zeitplans. Wollten Sie eine Ad-hoc-Übertragungsaufgabe ausführen?
PRA;REST;SchedulingSpecNotSupported;Die Ausführung dieser Übertragungsaufgabe unterstützt keine festgelegten Zeitpläne.
PRA;REST;StatusUnknown;Zustand des Schütz eines unbekannten Geräts
PRA;REST;ThisFieldIsRequired;Dieses Feld ist erforderlich.
PRA;REST;TypeNotSupported;Die Dienstkategorie wird nicht unterstützt.
PRA;REST;UnsatisfiedReadingTypeRequirements;Der Zähler {0} konnte nicht verknüpft werden, da er keine Messtypen für die Zwecke {1} der messtechnischen Konfiguration an der Verwendungsstelle {2} bereitstellt.
PRA;REST;UnsupportedServiceKind;Verwendungsstellen dieser Dienstkategorie unterstützen keine Details
PRA;REST;UsagePointLifeCycleTransitionFailed;Der Übergang ist fehlgeschlagen: {0}.
PRA;REST;VersionMissing;Für das Feld {0} wurde ein Versionswert erwartet.
UCR;REST;com.elster.jupiter.metering.config.FunctionAGG_TIME;Aggregat ({0})
UCR;REST;com.elster.jupiter.metering.config.FunctionAVG;MW ({0}, {1})
UCR;REST;com.elster.jupiter.metering.config.FunctionFIRST_NOT_NULL;firstNotNull
UCR;REST;com.elster.jupiter.metering.config.FunctionMAX_AGG;max ({0}, {1})
UCR;REST;com.elster.jupiter.metering.config.FunctionMAX;max.
UCR;REST;com.elster.jupiter.metering.config.FunctionMIN_AGG;min ({0}, {1})
UCR;REST;com.elster.jupiter.metering.config.FunctionMIN;min
UCR;REST;com.elster.jupiter.metering.config.FunctionPOWER;Leistung ({0}, {1})
UCR;REST;com.elster.jupiter.metering.config.FunctionSQRT;Quadratwurzel ({0}, {1})
UCR;REST;com.elster.jupiter.metering.config.FunctionSUM;Summe ({0}, {1})
UCR;REST;com.elster.jupiter.metering.config.OperatorDIVIDE;{0} / {1}
UCR;REST;com.elster.jupiter.metering.config.OperatorMINUS;{0} - {1}
UCR;REST;com.elster.jupiter.metering.config.OperatorMULTIPLY;{0} * {1}
UCR;REST;com.elster.jupiter.metering.config.OperatorPLUS;{0} + {1}
UCR;REST;com.elster.jupiter.metering.config.OperatorSAFE_DIVIDE;{0} / ({1} oder {2})
UDC;DOMAIN;duplicateReadingTypeOnMetrologyContract;Der gleiche Ablesetyp-Liefergegenstand erscheint mehrmals im Metrologie-Vertrag mit der ID {0}.
UDC;DOMAIN;edited;Bearbeitet
UDC;DOMAIN;estimated;Bewertet
UDC;DOMAIN;estimatedProjected;Geplant
UDC;DOMAIN;EstimationPropertyCannotBeOverridden;Die Bewertungsregeleigenschaft mit dem Schlüssel {0} kann nicht überschrieben werden.
UDC;DOMAIN;lastChecked.after.currentLastChecked;Der neue, zuletzt überprüfte {2,date,yyyy-MM-dd HH:mm:ss} darf nicht nach dem aktuellen {1,date,yyyy-MM-dd HH:mm:ss} liegen.
UDC;DOMAIN;lastChecked.null;Der neue, zuletzt überprüfte Zeitstempel darf nicht leer sein.
UDC;DOMAIN;MetrologyPurposeNotLinkedToUsagePoint;Der Metrologie-Zweck mit der ID {0} konnte nicht an der Verwendungsstelle mit der MRID {1} gefunden werden.
UDC;DOMAIN;privilege.administer.usagepoint.estimationConfiguration;Bewertungskonfiguration ausführen
UDC;DOMAIN;privilege.administer.usagepoint.validationConfiguration;Validierungskonfiguration ausführen
UDC;DOMAIN;privilege.administer.usagePointEnumeratedGroup;Statische Verwendungsstellengruppen ausführen
UDC;DOMAIN;privilege.administer.usagePointGroup;Ausführen
UDC;DOMAIN;privilege.view.usagePointGroupDetail;Details anzeigen
UDC;DOMAIN;statisticsAdded;Hinzugefügt
UDC;DOMAIN;statisticsConfirmed;Bestätigt
UDC;DOMAIN;statisticsEdited;Bearbeitet
UDC;DOMAIN;statisticsEstimated;Bewertet
UDC;DOMAIN;statisticsGeneral;Allgemein
UDC;DOMAIN;statisticsInformative;Informativ
UDC;DOMAIN;statisticsNotSuspect;Nicht fehlerverdächtig
UDC;DOMAIN;statisticsNotValidated;Nicht validiert
UDC;DOMAIN;statisticsRemoved;Entfernt
UDC;DOMAIN;statisticsSuspect;Fehlerverdächtiger Wert
UDC;DOMAIN;statisticsValid;Gültig
UDC;DOMAIN;thisFieldIsRequired;Dieses Feld ist erforderlich.
UDC;DOMAIN;thisFieldIsTooLong;Die Feldlänge darf {max} Zeichen nicht überschreiten.
UDC;DOMAIN;usagepoint.bulk.handler;Massenbearbeitung der Verwendungsstelle
UDC;DOMAIN;usagepoint.bulk.itemizer;Massenaufschlüsselung der Verwendungsstelle
UDC;DOMAIN;usagePointGroup.usagePointGroups;Verwendungsstellengruppen
UDC;DOMAIN;usagePointGroup.usagePointGroups.description;Gruppen der Verwendungsstelle verwalten
UDC;DOMAIN;valid;Gültig
UDC;DOMAIN;ValidationPropertyCannotBeOverridden;Die Validierungsregeleigenschaft mit dem Schlüssel {0} kann nicht überschrieben werden.
UDR;REST;addressDetail;Adressdaten
UDR;REST;administrativeArea;Verwaltungsgebiet
UDR;REST;another.cas.version.in.the.future;Eine neue Version für einen der benutzerdefinierten Attributesätze kann nicht erstellt werden, da eine andere Version mit einem Anfangsdatum nach {0} vorhanden ist.
UDR;REST;AtLeastOneCriterion;Es muss mindestens ein Suchkriterium angegeben werden.
UDR;REST;BadRequest;Ungültige Anforderung
UDR;REST;CannotActivateMetrologyPurpose;Der Zweck der messtechnischen Konfiguration mit der Kennung {0} kann nicht aktiviert werden.
UDR;REST;complete;Vollständig
UDR;REST;countryCode;Ländercode
UDR;REST;countryName;Ländername
UDR;REST;displayConnectionState;Verbindungsstatus
UDR;REST;displayMetrologyConfiguration;Metrologie-Konfiguration
UDR;REST;displayServiceCategory;Service-Kategorie
UDR;REST;displayType;Typ
UDR;REST;EndDateMusBeAfterStartDate;Das Enddatum muss nach dem Anfangsdatum liegen.
UDR;REST;establishmentName;Einrichtungsname
UDR;REST;establishmentNumber;Einrichtungsnummer
UDR;REST;establishmentType;Einrichtungstyp
UDR;REST;EstimationRuleIsNotApplicableToOutput;Die Bewertungsregel mit der Kennung {0} ist nicht auf den Ausgang {1} anwendbar.
UDR;REST;EstimatorNotValid;Die eingegebene Bewertungsfunktion ist nicht gültig.
UDR;REST;EstimatorRequired;Bitte wählen Sie eine Bewertungsfunktion aus.
UDR;REST;field.value.exceeded;Der Wert überschreitet die maximale Feldlänge.
UDR;REST;FlagAsFavoriteConflictTitle;Fehler beim Kennzeichnen von ''{0}'' als bevorzugter Wert.
UDR;REST;incomplete;Unvollständig
UDR;REST;intervalEndBeforeStart;Endzeit liegt vor Anfangszeit
UDR;REST;invalid.transition.time;Das Übergangsdatum muss größer als das Datum der Erstellung der Verwendungsstelle {0} sein.
UDR;REST;invalidCoordinates;Alle Koordinatenfelder müssen gültige Werte enthalten.
UDR;REST;invalidEstimatorPropertyValue;Ungültiger Eigenschaftswert
UDR;REST;locality;Region
UDR;REST;location;Ort
UDR;REST;MetrologyPurposeNotFoundOnUsagePoint;Der Zweck der messtechnischen Konfiguration ''{0}'' wurde an der Verwendungsstelle {1} nicht gefunden.
UDR;REST;MetrologyPurposeNotLinkedToUsagePoint;Der Vertrag über messtechnische Dienstleistungen mit der Kennung {0} wurde an der Verwendungsstelle {1} nicht gefunden.
UDR;REST;missing.transition.requirements;Die Prüfung vor dem Übergang ist fehlgeschlagen: {0}.
UDR;REST;name;Name
UDR;REST;no.open.cas.version.at.date;Die Werte für einen der benutzerdefinierten Attributesätze können nicht aktualisiert werden, da am {0} keine Version vorhanden ist.
UDR;REST;NoDeviceWithName;Es ist kein Zähler mit dem Namen {0} vorhanden.
UDR;REST;NoMeterRoleForKey;Es ist keine Zählerrolle mit dem Schlüssel {0} vorhanden.
UDR;REST;NoMetrologyConfigForUsagePoint;Die Verwendungsstelle {0} weist keine Verknüpfung zur messtechnischen Konfiguration auf.
UDR;REST;NoMetrologyConfigForUsagePointInThisTime;Die messtechnische Konfiguration ist zu diesem Zeitpunkt nicht mit der Verwendungsstelle verknüpft.
UDR;REST;NoMetrologyConfigWithId;Es ist keine messtechnische Konfiguration mit der Kennung {0} vorhanden.
UDR;REST;none;Keine
UDR;REST;NoReadingTypeForMRID;Es ist kein Messtyp mit der MRID {0} vorhanden.
UDR;REST;NoRelativePeriodForId;Der relative Zeitraum mit der Kennung {0} wurde nicht gefunden.
UDR;REST;NoSuchCalendar;Es sind keine solchen Kalender vorhanden.
UDR;REST;NoSuchCustomPropertySet;Die benutzerdefinierten Eigenschaften mit der Kennung ''{0}'' wurden nicht gefunden.
UDR;REST;NoSuchEstimationRule;Es ist keine Bewertungsregel mit der Kennung {0} vorhanden.
UDR;REST;NoSuchMetrologyPurpose;Es ist kein solcher Zweck der messtechnischen Konfiguration mit der Kennung {0} vorhanden.
UDR;REST;NoSuchOutputForUsagePoint;Die Verwendungsstelle {0} weist keinen Ausgang mit der Kennung {1} auf.
UDR;REST;NoSuchServiceCtegory;Die Dienstkategorie wurde nicht gefunden.
UDR;REST;NoSuchTechInfo;Es sollten technische Daten für {0} angegeben werden.
UDR;REST;NoSuchValidationRule;Es ist keine Validierungsregel mit der Kennung {0} vorhanden.
UDR;REST;nothing.is.validated;Die Validierung wurde zu diesem Zweck der Verwendungsstelle ab dem angegebenen Datum nicht konfiguriert.
UDR;REST;NoTransitionWithId;Es ist kein Übergang der Verwendungsstelle mit der Kennung {0} vorhanden.
UDR;REST;NoUsagePointForID;Es ist keine Verwendungsstelle mit der Kennung {0} vorhanden.
UDR;REST;NoUsagePointWithName;Es ist keine Verwendungsstelle mit dem Namen {0} vorhanden.
UDR;REST;ProcessStatusAborted;Abgebrochen
UDR;REST;ProcessStatusActive;Aktiv
UDR;REST;ProcessStatusCompleted;Abgeschlossen
UDR;REST;ProcessStatusPending;Ausstehend
UDR;REST;ProcessStatusSuspended;Unterbrochen
UDR;REST;ReadingTypeNotFoundOnUsagePoint;Der Messtyp wurde an der Verwendungsstelle nicht gefunden.
UDR;REST;ReadingTypesDontMatch;Die Messtypen stimmen nicht überein.
UDR;REST;relativeperiod.category.usagepoint.validationOverview;Übersicht der Verwendungsstellen-Validierungen
UDR;REST;RelativePeriodIsInTheFuture;Für den relativen Zeitraum mit der Kennung {0} können keine Validierungsstatistiken erhoben werden: Er liegt in der Zukunft.
UDR;REST;RemoveFromFavoritesConflictTitle;Fehler beim Entfernen von ''{0}'' aus den bevorzugten Werten.
UDR;REST;SearchablePropertyInvalidValue;Ungültiger Wert
UDR;REST;state;Status
UDR;REST;streetName;Straße
UDR;REST;streetNumber;Hausnummer
UDR;REST;streetType;Straßentyp
UDR;REST;subLocality;Unterregion
UDR;REST;ThisFieldIsRequired;Dieses Feld ist erforderlich.
UDR;REST;ThisOutputIsIrregular;Der Ausgang der Verwendungsstelle mit der Kennung {0} ist unregelmäßig und kann keine Intervalldaten bereitstellen.
UDR;REST;ThisOutputIsRegular;Der Ausgang der Verwendungsstelle mit der Kennung {0} ist regelmäßig und kann nur Intervalldaten bereitstellen.
UDR;REST;UnsatisfiedReadingTypeRequirements;Die Zähler stellen nicht den im Vertrag über messtechnische Dienstleistungen festgelegten Messtyp bereit.
UDR;REST;usagepoint.bulk.no.appserver.to.serve;Für die Bearbeitung dieser Anforderung ist zurzeit kein aktiver Anwendungsserver verfügbar.
UDR;REST;usagepoint.bulk.no.such.action;Unerwartete oder nicht vorhandene Aktion: {0}
UDR;REST;usagepoint.bulk.no.such.messagequeue;Der Befehl kann nicht in die Warteschlange gestellt werden, da keine Meldungswarteschlange gefunden wurde.
UDR;REST;usagepoint.calendar.cannot.link.before.creation.date;Der Kalender kann nicht vor dem Erstellungsdatum der Verwendungsstelle verknüpft werden.
UDR;REST;usagepoint.calendar.cannot.link.before.start;Der Kalender kann nicht vor dem Anfangsdatum dieses Kalenders verknüpft werden.
UDR;REST;usagepoint.meterrole.activation.must.be.greater.than.up.creation.date;Die Aktivierungszeit der Zählerrollen muss größer oder gleich dem Anlagedatum der Verwendungsstelle sein.
UDR;REST;UsagePointLinkedException;Fehler beim Verknüpfen der messtechnischen Konfiguration mit der Verwendungsstelle ''{0}''.
UDR;REST;UsagePointLinkedExceptionMsg;Die Verwendungsstelle {0} ist bereits mit einer messtechnischen Konfiguration verknüpft.
UDR;REST;UsagePointLinkedInactiveMetrologyConfigurationExceptionMsg;Eine inaktive messtechnische Konfiguration kann nicht mit der Verwendungsstelle ''{0}'' verknüpft werden.
UDR;REST;UsagePointSearchDomainNotRegistered;Die Such-Domain der Verwendungsstelle wurde nicht registriert.
UDR;REST;ValidationRuleIsNotApplicableToOutput;Die Validierungsregel mit der Kennung {0} ist nicht auf den Ausgang {1} anwendbar.
UDR;REST;version.start.should.be.greater.than.up.creation.date;Das Anfangsdatum muss größer als das oder gleich dem Erstellungsdatum der Verwendungsstelle sein.
UDR;REST;wrongActionSpecified;"Es wurde ein unbekannter Wert für ""Aktion"" angegeben."
UDR;REST;zipCode;Postleitzahl
UPC;DOMAIN;privilege.administrate.metrologyConfiguration.estimation;Bewertung nach messtechnischer Konfiguration ausführen
UPC;DOMAIN;privilege.administrate.metrologyConfiguration.validation;Validierung nach messtechnischer Konfiguration ausführen
UPC;DOMAIN;privilege.view.metrologyConfiguration.estimation;Bewertung nach messtechnischer Konfiguration anzeigen
UPC;DOMAIN;privilege.view.metrologyConfiguration.validation;Validierung der messtechnischen Konfiguration anzeigen
UPC;DOMAIN;usagePoint.config.estimationConfiguration;Konfiguration der Bewertung
UPC;DOMAIN;usagePoint.config.estimationConfiguration.description;Bewertungskonfiguration verwalten
UPC;DOMAIN;usagePoint.config.validationConfiguration;Validierungskonfiguration
UPC;DOMAIN;usagePoint.config.validationConfiguration.description;Validierungskonfiguration verwalten
UPR;REST;NoMetrologyConfigForUsagePoint;Die Verwendungsstelle mit der MRID {0} hat keine Verbindung zur Metrologie-Konfiguration.
UPR;REST;NoSuchChannelForUsagePoint;Die Verwendungsstelle mit der MRID {0}hat keinen Kanal mit {1}.
UPR;REST;NoSuchRegisterForUsagePoint;Die Verwendungsstelle {0} weist kein Register mit der Kennung {1} auf.
UPR;REST;NoUsagePointWithSuchName;Es ist keine Verwendungsstelle mit dem Namen {0} vorhanden.
UQR;REST;InvalidFilterFormat;Ungültiges Format des Filters {0}, erwartetes Format: {1}
UQR;REST;InvalidOperatorCriteria;Ungültige Kriterien für den Operator {0} des Filters {1}
UQR;REST;NoSuchEstimator;Die Bewertungsfunktion mit der Implementierung {0} wurde nicht gefunden.
UQR;REST;NoSuchMetrologyConfiguration;Die messtechnische Konfiguration mit der Kennung ''{0}'' wurde nicht gefunden.
UQR;REST;NoSuchMetrologyPurpose;Der Zweck der messtechnischen Konfiguration mit der Kennung ''{0}'' wurde nicht gefunden.
UQR;REST;NoSuchUsagePointGroup;Die Verwendungsstellengruppe mit der Kennung {0} wurde nicht gefunden.
UQR;REST;NoSuchValidator;Der Prüfmechanismus mit der Implementierung {0} wurde nicht gefunden.
UQR;REST;UnsupportedFilterOperator;Nicht unterstützter Operator {1} für den Filter {0}, unterstützte Operatoren: {2}
